CODVAR;Nombre  données;Nombre NaN;Type;Description;thème;;
CODGEO;34955;0;object;Code commune INSEE;Géographique;;
EU_circo;34955;0;object;Zone France;Géographique;;
num_region;34955;0;object;Numéro de la région;Géographique;;
num_dep;34955;0;object;Numéro du département;Géographique;;
nom_commune;34955;0;object;Nom de la commune;Géographique;;
nom_dep;34955;0;object;Nom du département;Géographique;;
nom_region;34955;0;object;Nom de la région;Géographique;;
num_chef_lieu;34955;0;object;CODGEO du chef lieu de région;Géographique;;
nom_chef_lieu;34955;0;object;Nom du chef lieu de région;Géographique;;
code_postal;34955;0;object;Code postal;Géographique;;
latitude;34947;8;float64;Latitude;Géographique;;
longitude;34947;8;float64;Longitude;Géographique;;
pop_tot;34955;0;int64;Population totale de la commune;Demographique;;
SUPERF;34938;0;float64;Superficie de la commune (km2);Demographique;;
P19_POP;34938;17;float64;Population en 2019 (princ);Évolution et structure de la population;;
P19_POP1529;34938;17;float64;Pop 15-29 ans en 2019 (princ);Évolution et structure de la population;;
P19_POP3044;34938;17;float64;Pop 30-44 ans en 2019 (princ);Évolution et structure de la population;;
P19_POP4559;34938;17;float64;Pop 45-59 ans en 2019 (princ);Évolution et structure de la population;;
P19_POP6074;34938;17;float64;Pop 60-74 ans en 2019 (princ);Évolution et structure de la population;;
P19_POP7589;34938;17;float64;Pop 75-89 ans en 2019 (princ);Évolution et structure de la population;;
P19_POP90P;34938;17;float64;Pop 90 ans ou plus en 2019 (princ);Évolution et structure de la population;;
P19_POPH;34938;17;float64;Pop Hommes en 2019 (princ);Évolution et structure de la population;;
P19_H1529;34938;17;float64;Pop Hommes 15-29 ans en 2019 (princ);Évolution et structure de la population;;
P19_H3044;34938;17;float64;Pop Hommes 30-44 ans en 2019 (princ);Évolution et structure de la population;;
P19_H4559;34938;17;float64;Pop Hommes 45-59 ans en 2019 (princ);Évolution et structure de la population;;
P19_H6074;34938;17;float64;Pop Hommes 60-74 ans en 2019 (princ);Évolution et structure de la population;;
P19_H7589;34938;17;float64;Pop Hommes 75-89 ans en 2019 (princ);Évolution et structure de la population;;
P19_H90P;34938;17;float64;Pop Hommes 90 ans ou plus en 2019 (princ);Évolution et structure de la population;;
P19_H0019;34938;17;float64;Pop Hommes 0-19 ans en 2019  (princ);Évolution et structure de la population;;
P19_H2064;34938;17;float64;Pop Hommes 20-64 ans en 2019 (princ);Évolution et structure de la population;;
P19_H65P;34938;17;float64;Pop Hommes 65 ans ou plus en 2019 (princ);Évolution et structure de la population;;
P19_POPF;34938;17;float64;Pop Femmes en 2019 (princ);Évolution et structure de la population;;
P19_F1529;34938;17;float64;Pop Femmes 15-29 ans en 2019 (princ);Évolution et structure de la population;;
P19_F3044;34938;17;float64;Pop Femmes 30-44 ans en 2019 (princ);Évolution et structure de la population;;
P19_F4559;34938;17;float64;Pop Femmes 45-59 ans en 2019 (princ);Évolution et structure de la population;;
P19_F6074;34938;17;float64;Pop Femmes 60-74 ans en 2019 (princ);Évolution et structure de la population;;
P19_F7589;34938;17;float64;Pop Femmes 75-89 ans en 2019 (princ);Évolution et structure de la population;;
P19_F90P;34938;17;float64;Pop Femmes 90 ans ou plus en 2019 (princ);Évolution et structure de la population;;
P19_F0019;34938;17;float64;Pop Femmes 0-19 ans en 2019 (princ);Évolution et structure de la population;;
P19_F2064;34938;17;float64;Pop Femmes 20-64 ans en 2019 (princ);Évolution et structure de la population;;
P19_F65P;34938;17;float64;Pop Femmes 65 ans ou plus en 2019 (princ);Évolution et structure de la population;;
P19_POP01P;34938;17;float64;Pop 1 an ou plus en 2019 localisée 1 an auparavant (princ);Évolution et structure de la population;;
P19_POP01P_IRAN1;34938;17;float64;Pop 1 an ou plus habitant 1 an avt même logt en 2019 (princ);Évolution et structure de la population;;
P19_POP01P_IRAN2;34938;17;float64;Pop 1 an ou plus habitant 1 an avt autre logt même commune en 2019 (princ);Évolution et structure de la population;;
P19_POP01P_IRAN3;34938;17;float64;Pop 1 an ou plus habitant 1 an avt autre commune même dépt en 2019 (princ);Évolution et structure de la population;;
P19_POP01P_IRAN4;34938;17;float64;Pop 1 an ou plus habitant 1 an avt autre dépt même région en 2019 (princ);Évolution et structure de la population;;
P19_POP01P_IRAN5;34938;17;float64;Pop 1 an ou plus habitant 1 an avt autre région métropole en 2019 (princ);Évolution et structure de la population;;
P19_POP01P_IRAN6;34938;17;float64;Pop 1 an ou plus habitant 1 an avt un Dom en 2019 (princ);Évolution et structure de la population;;
P19_POP01P_IRAN7;34938;17;float64;Pop 1 an ou plus habitant 1 an avt hors métro ou Dom en 2019 (princ);Évolution et structure de la population;;
P19_POP0114_IRAN2P;34938;17;float64;Pop 1-14 ans habitant 1 an avt autre logt en 2019 (princ);Évolution et structure de la population;;
P19_POP0114_IRAN2;34938;17;float64;Pop 1-14 ans habitant 1 an avt autre logt même commune en 2019 (princ);Évolution et structure de la population;;
P19_POP0114_IRAN3P;34938;17;float64;Pop 1-14 ans habitant 1 an avt autre commune en 2019 (princ);Évolution et structure de la population;;
P19_POP1524_IRAN2P;34938;17;float64;Pop 15-24 ans habitant 1 an avt autre logt en 2019 (princ);Évolution et structure de la population;;
P19_POP1524_IRAN2;34938;17;float64;Pop 15-24 ans habitant 1 an avt autre logt même commune en 2019 (princ);Évolution et structure de la population;;
P19_POP1524_IRAN3P;34938;17;float64;Pop 15-24 ans habitant 1 an avt autre commune en 2019 (princ);Évolution et structure de la population;;
P19_POP2554_IRAN2P;34938;17;float64;Pop 25-54 ans habitant 1 an avt autre logt en 2019 (princ);Évolution et structure de la population;;
P19_POP2554_IRAN2;34938;17;float64;Pop 25-54 ans habitant 1 an avt autre logt même commune en 2019 (princ);Évolution et structure de la population;;
P19_POP2554_IRAN3P;34938;17;float64;Pop 25-54 ans habitant 1 an avt autre commune en 2019 (princ);Évolution et structure de la population;;
P19_POP55P_IRAN2P;34938;17;float64;Pop 55 ans ou plus habitant 1 an avt autre logt en 2019 (princ);Évolution et structure de la population;;
P19_POP55P_IRAN2;34938;17;float64;Pop 55 ans ou plus habitant 1 an avt autre logt même commune en 2019 (princ);Évolution et structure de la population;;
P19_POP55P_IRAN3P;34938;17;float64;Pop 55 ans ou plus habitant 1 an avt autre commune en 2019 (princ);Évolution et structure de la population;;
C19_POP15P;34938;17;float64;Pop 15 ans ou plus en 2019 (compl);Évolution et structure de la population;;
C19_POP15P_CS1;34938;17;float64;Pop 15 ans ou plus Agriculteurs exploitants en 2019 (compl);Évolution et structure de la population;;
C19_POP15P_CS2;34938;17;float64;Pop 15 ans ou plus Artisans, Comm., Chefs entr. en 2019 (compl);Évolution et structure de la population;;
C19_POP15P_CS3;34938;17;float64;Pop 15 ans ou plus Cadres, Prof. intel. sup. en 2019 (compl);Évolution et structure de la population;;
C19_POP15P_CS4;34938;17;float64;Pop 15 ans ou plus Prof. intermédiaires  en 2019 (compl);Évolution et structure de la population;;
C19_POP15P_CS5;34938;17;float64;Pop 15 ans ou plus Employés en 2019 (compl);Évolution et structure de la population;;
C19_POP15P_CS6;34938;17;float64;Pop 15 ans ou plus Ouvriers en 2019 (compl);Évolution et structure de la population;;
C19_POP15P_CS7;34938;17;float64;Pop 15 ans ou plus Retraités en 2019 (compl);Évolution et structure de la population;;
C19_POP15P_CS8;34938;17;float64;Pop 15 ans ou plus Autres en 2019 (compl);Évolution et structure de la population;;
C19_H15P;34938;17;float64;Pop 15 ans ou plus Hommes en 2019 (compl);Évolution et structure de la population;;
C19_H15P_CS1;34938;17;float64;Pop 15 ans ou plus Hommes Agriculteurs exploitants en 2019 (compl);Évolution et structure de la population;;
C19_H15P_CS2;34938;17;float64;Pop 15 ans ou plus Hommes Artisans, Comm., Chefs entr. en 2019 (compl);Évolution et structure de la population;;
C19_H15P_CS3;34938;17;float64;Pop 15 ans ou plus Hommes Cadres, Prof. intel. sup. en 2019 (compl);Évolution et structure de la population;;
C19_H15P_CS4;34938;17;float64;Pop 15 ans ou plus Hommes Prof. intermédiaires en 2019 (compl);Évolution et structure de la population;;
C19_H15P_CS5;34938;17;float64;Pop 15 ans ou plus Hommes Employés en 2019 (compl);Évolution et structure de la population;;
C19_H15P_CS6;34938;17;float64;Pop 15 ans ou plus Hommes Ouvriers en 2019 (compl);Évolution et structure de la population;;
C19_H15P_CS7;34938;17;float64;Pop 15 ans ou plus Hommes Retraités en 2019 (compl);Évolution et structure de la population;;
C19_H15P_CS8;34938;17;float64;Pop 15 ans ou plus Hommes Autres en 2019 (compl);Évolution et structure de la population;;
C19_F15P;34938;17;float64;Pop 15 ans ou plus Femmes en 2019 (compl);Évolution et structure de la population;;
C19_F15P_CS1;34938;17;float64;Pop 15 ans ou plus Femmes Agriculteurs exploitants en 2019 (compl);Évolution et structure de la population;;
C19_F15P_CS2;34938;17;float64;Pop 15 ans ou plus Femmes Artisans, Comm., Chefs entr. en 2019 (compl);Évolution et structure de la population;;
C19_F15P_CS3;34938;17;float64;Pop 15 ans ou plus Femmes Cadres, Prof. intel. sup. en 2019 (compl);Évolution et structure de la population;;
C19_F15P_CS4;34938;17;float64;Pop 15 ans ou plus Femmes Prof. intermédiaires en 2019 (compl);Évolution et structure de la population;;
C19_F15P_CS5;34938;17;float64;Pop 15 ans ou plus Femmes Employés en 2019 (compl);Évolution et structure de la population;;
C19_F15P_CS6;34938;17;float64;Pop 15 ans ou plus Femmes Ouvriers en 2019 (compl);Évolution et structure de la population;;
C19_F15P_CS7;34938;17;float64;Pop 15 ans ou plus Femmes Retraités en 2019 (compl);Évolution et structure de la population;;
C19_F15P_CS8;34938;17;float64;Pop 15 ans ou plus Femmes Autres en 2019 (compl);Évolution et structure de la population;;
C19_POP1524;34938;17;float64;Pop 15-24 ans en 2019 (compl);Évolution et structure de la population;;
C19_POP1524_CS1;34938;17;float64;Pop 15-24 ans Agriculteurs exploitants en 2019 (compl);Évolution et structure de la population;;
C19_POP1524_CS2;34938;17;float64;Pop 15-24 ans Artisans, Comm., Chefs entr. en 2019 (compl);Évolution et structure de la population;;
C19_POP1524_CS3;34938;17;float64;Pop 15-24 ans Cadres, Prof. intel. sup. en 2019 (compl);Évolution et structure de la population;;
C19_POP1524_CS4;34938;17;float64;Pop 15-24 ans Prof. intermédiaires en 2019 (compl);Évolution et structure de la population;;
C19_POP1524_CS5;34938;17;float64;Pop 15-24 ans Employés en 2019 (compl);Évolution et structure de la population;;
C19_POP1524_CS6;34938;17;float64;Pop 15-24 ans Ouvriers en 2019 (compl);Évolution et structure de la population;;
C19_POP1524_CS7;34938;17;float64;Pop 15-24 ans Retraités en 2019 (compl);Évolution et structure de la population;;
C19_POP1524_CS8;34938;17;float64;Pop 15-24 ans Autres en 2019 (compl);Évolution et structure de la population;;
C19_POP2554;34938;17;float64;Pop 25-54 ans en 2019 (compl);Évolution et structure de la population;;
C19_POP2554_CS1;34938;17;float64;Pop 25-54 ans Agriculteurs exploitants en 2019 (compl);Évolution et structure de la population;;
C19_POP2554_CS2;34938;17;float64;Pop 25-54 ans Artisans, Comm., Chefs entr. en 2019 (compl);Évolution et structure de la population;;
C19_POP2554_CS3;34938;17;float64;Pop 25-54 ans Cadres, Prof. intel. sup. en 2019 (compl);Évolution et structure de la population;;
C19_POP2554_CS4;34938;17;float64;Pop 25-54 ans Prof. intermédiaires en 2019 (compl);Évolution et structure de la population;;
C19_POP2554_CS5;34938;17;float64;Pop 25-54 ans Employés en 2019 (compl);Évolution et structure de la population;;
C19_POP2554_CS6;34938;17;float64;Pop 25-54 ans Ouvriers en 2019 (compl);Évolution et structure de la population;;
C19_POP2554_CS7;34938;17;float64;Pop 25-54 ans Retraités en 2019 (compl);Évolution et structure de la population;;
C19_POP2554_CS8;34938;17;float64;Pop 25-54 ans Autres en 2019 (compl);Évolution et structure de la population;;
C19_POP55P;34938;17;float64;Pop 55 ans ou plus en 2019 (compl);Évolution et structure de la population;;
C19_POP55P_CS1;34938;17;float64;Pop 55 ans ou plus Agriculteurs exploitants en 2019 (compl);Évolution et structure de la population;;
C19_POP55P_CS2;34938;17;float64;Pop 55 ans ou plus Artisans, Comm., Chefs entr. en 2019 (compl);Évolution et structure de la population;;
C19_POP55P_CS3;34938;17;float64;Pop 55 ans ou plus Cadres, Prof. intel. sup. en 2019 (compl);Évolution et structure de la population;;
C19_POP55P_CS4;34938;17;float64;Pop 55 ans ou plus Prof. intermédiaires en 2019 (compl);Évolution et structure de la population;;
C19_POP55P_CS5;34938;17;float64;Pop 55 ans ou plus Employés en 2019 (compl);Évolution et structure de la population;;
C19_POP55P_CS6;34938;17;float64;Pop 55 ans ou plus Ouvriers en 2019 (compl);Évolution et structure de la population;;
C19_POP55P_CS7;34938;17;float64;Pop 55 ans ou plus Retraités en 2019 (compl);Évolution et structure de la population;;
C19_POP55P_CS8;34938;17;float64;Pop 55 ans ou plus Autres en 2019 (compl);Évolution et structure de la population;;
C19_MEN;34938;17;float64;Ménages en 2019 (compl);Couples - Familles - Ménages;;
C19_MENPSEUL;34938;17;float64;Ménages 1 personne en 2019 (compl);Couples - Familles - Ménages;;
C19_MENHSEUL;34938;17;float64;Ménages Hommes seuls en 2019 (compl);Couples - Familles - Ménages;;
C19_MENFSEUL;34938;17;float64;Ménages Femmes seules en 2019 (compl);Couples - Familles - Ménages;;
C19_MENSFAM;34938;17;float64;Ménages Autres sans famille en 2019 (compl);Couples - Familles - Ménages;;
C19_MENFAM;34938;17;float64;Ménages avec famille(s) en 2019 (compl);Couples - Familles - Ménages;;
C19_MENCOUPSENF;34938;17;float64;Mén fam princ Couple sans enfant en 2019 (compl);Couples - Familles - Ménages;;
C19_MENCOUPAENF;34938;17;float64;Mén fam princ Couple avec enfant(s) en 2019 (compl);Couples - Familles - Ménages;;
C19_MENFAMMONO;34938;17;float64;Mén fam princ Famille mono en 2019 (compl);Couples - Familles - Ménages;;
C19_PMEN;34938;17;float64;Pop Ménages en 2019 (compl);Couples - Familles - Ménages;;
C19_PMEN_MENPSEUL;34938;17;float64;Pop mén Personnes seules en 2019 (compl);Couples - Familles - Ménages;;
C19_PMEN_MENHSEUL;34938;17;float64;Pop mén Hommes seuls en 2019 (compl);Couples - Familles - Ménages;;
C19_PMEN_MENFSEUL;34938;17;float64;Pop mén Femmes seules en 2019 (compl);Couples - Familles - Ménages;;
C19_PMEN_MENSFAM;34938;17;float64;Pop mén Autres sans famille en 2019 (compl);Couples - Familles - Ménages;;
C19_PMEN_MENFAM;34938;17;float64;Pop mén avec famille(s) en 2019 (compl);Couples - Familles - Ménages;;
C19_PMEN_MENCOUPSENF;34938;17;float64;Pop mén fam princ Couple sans enfant en 2019 (compl);Couples - Familles - Ménages;;
C19_PMEN_MENCOUPAENF;34938;17;float64;Pop mén fam princ Couple avec enfant(s) en 2019 (compl);Couples - Familles - Ménages;;
C19_PMEN_MENFAMMONO;34938;17;float64;Pop mén fam princ Famille mono en 2019 (compl);Couples - Familles - Ménages;;
P19_POP15P;34938;17;float64;Pop 15 ans ou plus en 2019 (princ);Couples - Familles - Ménages;;
P19_POP1519;34938;17;float64;Pop 15-19 ans en 2019 (princ);Couples - Familles - Ménages;;
P19_POP2024;34938;17;float64;Pop 20-24 ans en 2019 (princ);Couples - Familles - Ménages;;
P19_POP2539;34938;17;float64;Pop 25-39 ans en 2019 (princ);Couples - Familles - Ménages;;
P19_POP4054;34938;17;float64;Pop 40-54 ans en 2019 (princ);Couples - Familles - Ménages;;
P19_POP5564;34938;17;float64;Pop 55-64 ans en 2019 (princ);Couples - Familles - Ménages;;
P19_POP6579;34938;17;float64;Pop 65-79 ans en 2019 (princ);Couples - Familles - Ménages;;
P19_POP80P;34938;17;float64;Pop 80 ans ou plus en 2019 (princ);Couples - Familles - Ménages;;
P19_POPMEN1519;34938;17;float64;Pop mén 15-19 ans en 2019 (princ);Couples - Familles - Ménages;;
P19_POPMEN2024;34938;17;float64;Pop mén 20-24 ans en 2019 (princ);Couples - Familles - Ménages;;
P19_POPMEN2539;34938;17;float64;Pop mén 25-39 ans en 2019 (princ);Couples - Familles - Ménages;;
P19_POPMEN4054;34938;17;float64;Pop mén 40-54 ans en 2019 (princ);Couples - Familles - Ménages;;
P19_POPMEN5564;34938;17;float64;Pop mén 55-64 ans en 2019 (princ);Couples - Familles - Ménages;;
P19_POPMEN6579;34938;17;float64;Pop mén 65-79 ans en 2019 (princ);Couples - Familles - Ménages;;
P19_POPMEN80P;34938;17;float64;Pop mén 80 ans ou plus en 2019 (princ);Couples - Familles - Ménages;;
P19_POP1519_PSEUL;34938;17;float64;Pop 15-19 ans vivant seule en 2019 (princ);Couples - Familles - Ménages;;
P19_POP2024_PSEUL;34938;17;float64;Pop 20-24 ans vivant seule en 2019 (princ);Couples - Familles - Ménages;;
P19_POP2539_PSEUL;34938;17;float64;Pop 25-39 ans vivant seule en 2019 (princ);Couples - Familles - Ménages;;
P19_POP4054_PSEUL;34938;17;float64;Pop 40-54 ans vivant seule en 2019 (princ);Couples - Familles - Ménages;;
P19_POP5564_PSEUL;34938;17;float64;Pop 55-64 ans vivant seule en 2019 (princ);Couples - Familles - Ménages;;
P19_POP6579_PSEUL;34938;17;float64;Pop 65-79 ans vivant seule en 2019 (princ);Couples - Familles - Ménages;;
P19_POP80P_PSEUL;34938;17;float64;Pop 80 ans ou plus vivant seule en 2019 (princ);Couples - Familles - Ménages;;
P19_POP1519_COUPLE;34937;18;float64;Pop 15-19 ans vivant en couple en 2019 (princ);Couples - Familles - Ménages;;
P19_POP2024_COUPLE;34938;17;float64;Pop 20-24 ans vivant en couple en 2019 (princ);Couples - Familles - Ménages;;
P19_POP2539_COUPLE;34938;17;float64;Pop 25-39 ans vivant en couple en 2019 (princ);Couples - Familles - Ménages;;
P19_POP4054_COUPLE;34938;17;float64;Pop 40-54 ans vivant en couple en 2019 (princ);Couples - Familles - Ménages;;
P19_POP5564_COUPLE;34938;17;float64;Pop 55-64 ans vivant en couple en 2019 (princ);Couples - Familles - Ménages;;
P19_POP6579_COUPLE;34938;17;float64;Pop 65-79 ans vivant en couple en 2019 (princ);Couples - Familles - Ménages;;
P19_POP80P_COUPLE;34938;17;float64;Pop 80 ans ou plus vivant en couple en 2019 (princ);Couples - Familles - Ménages;;
P19_POP15P_MARIEE;34938;17;float64;Pop 15 ans ou plus mariée en 2019 (princ);Couples - Familles - Ménages;;
P19_POP15P_PACSEE;34938;17;float64;Pop 15 ans ou plus pacsée en 2019 (princ);Couples - Familles - Ménages;;
P19_POP15P_CONCUB_UNION_LIBRE;34938;17;float64;Pop 15 ans ou plus en concubinage ou union libre en 2019 (princ);Couples - Familles - Ménages;;
P19_POP15P_VEUFS;34938;17;float64;Pop 15 ans ou plus veuves ou veufs en 2019 (princ);Couples - Familles - Ménages;;
P19_POP15P_DIVORCEE;34938;17;float64;Pop 15 ans ou plus divorcée en 2019 (princ);Couples - Familles - Ménages;;
P19_POP15P_CELIBATAIRE;34938;17;float64;Pop 15 ans ou plus célibataire en 2019 (princ);Couples - Familles - Ménages;;
C19_MEN_CS1;34937;18;float64;Ménages Pers Réf Agri. expl. en 2019 (compl);Couples - Familles - Ménages;;
C19_MEN_CS2;34938;17;float64;Ménages Pers Réf Art. Comm. Chefs entr. en 2019 (compl);Couples - Familles - Ménages;;
C19_MEN_CS3;34938;17;float64;Ménages Pers Réf Cadres Prof int sup en 2019 (compl);Couples - Familles - Ménages;;
C19_MEN_CS4;34938;17;float64;Ménages Pers Réf Prof intermédiaire en 2019 (compl);Couples - Familles - Ménages;;
C19_MEN_CS5;34938;17;float64;Ménages Pers Réf Employé en 2019 (compl);Couples - Familles - Ménages;;
C19_MEN_CS6;34938;17;float64;Ménages Pers Réf Ouvrier en 2019 (compl);Couples - Familles - Ménages;;
C19_MEN_CS7;34938;17;float64;Ménages Pers Réf Retraité en 2019 (compl);Couples - Familles - Ménages;;
C19_MEN_CS8;34938;17;float64;Ménages Pers Réf Autre en 2019 (compl);Couples - Familles - Ménages;;
C19_PMEN_CS1;34937;18;float64;Pop mén Pers Réf Agri. expl. en 2019 (compl);Couples - Familles - Ménages;;
C19_PMEN_CS2;34938;17;float64;Pop mén Pers Réf Art Com Chef ent en 2019 (compl);Couples - Familles - Ménages;;
C19_PMEN_CS3;34938;17;float64;Pop mén Pers Réf Cadres Prof int sup en 2019 (compl);Couples - Familles - Ménages;;
C19_PMEN_CS4;34938;17;float64;Pop mén Pers Réf Prof intermédiaire en 2019 (compl);Couples - Familles - Ménages;;
C19_PMEN_CS5;34938;17;float64;Pop mén Pers Réf Employé en 2019 (compl);Couples - Familles - Ménages;;
C19_PMEN_CS6;34938;17;float64;Pop mén Pers Réf Ouvrier en 2019 (compl);Couples - Familles - Ménages;;
C19_PMEN_CS7;34938;17;float64;Pop mén Pers Réf Retraité en 2019 (compl);Couples - Familles - Ménages;;
C19_PMEN_CS8;34938;17;float64;Pop mén Pers Réf Autre en 2019 (compl);Couples - Familles - Ménages;;
C19_FAM;34938;17;float64;Familles en 2019 (compl);Couples - Familles - Ménages;;
C19_COUPAENF;34938;17;float64;Fam Couple avec enfant(s) en 2019 (compl);Couples - Familles - Ménages;;
C19_FAMMONO;34938;17;float64;Fam Monoparentales en 2019 (compl);Couples - Familles - Ménages;;
C19_HMONO;34937;18;float64;Fam Mono Hommes avec enfant(s) en 2019 (compl);Couples - Familles - Ménages;;
C19_FMONO;34938;17;float64;Fam Mono Femmes avec enfant(s) en 2019 (compl);Couples - Familles - Ménages;;
C19_COUPSENF;34938;17;float64;Fam Couple sans enfant en 2019 (compl);Couples - Familles - Ménages;;
C19_NE24F0;34938;17;float64;Fam 0 enfant moins 25 ans en 2019 (compl);Couples - Familles - Ménages;;
C19_NE24F1;34938;17;float64;Fam 1 enfant moins 25 ans en 2019 (compl);Couples - Familles - Ménages;;
C19_NE24F2;34938;17;float64;Fam 2 enfants moins 25 ans en 2019 (compl);Couples - Familles - Ménages;;
C19_NE24F3;34938;17;float64;Fam 3 enfants moins 25 ans en 2019 (compl);Couples - Familles - Ménages;;
C19_NE24F4P;34938;17;float64;Fam 4 enfants ou plus moins 25 ans en 2019 (compl);Couples - Familles - Ménages;;
P19_LOG;34938;17;float64;Logements en 2019 (princ);Logement;;
P19_RP;34938;17;float64;Résidences principales en 2019 (princ);Logement;;
P19_RSECOCC;34938;17;float64;Rés secondaires et logts occasionnels en 2019 (princ);Logement;;
P19_LOGVAC;34938;17;float64;Logements vacants en 2019 (princ);Logement;;
P19_MAISON;34938;17;float64;Maisons en 2019 (princ);Logement;;
P19_APPART;34938;17;float64;Appartements en 2019 (princ);Logement;;
P19_RP_1P;34938;17;float64;Rés princ 1 pièce en 2019 (princ);Logement;;
P19_RP_2P;34938;17;float64;Rés princ 2 pièces en 2019 (princ);Logement;;
P19_RP_3P;34938;17;float64;Rés princ 3 pièces en 2019 (princ);Logement;;
P19_RP_4P;34938;17;float64;Rés princ 4 pièces en 2019 (princ);Logement;;
P19_RP_5PP;34938;17;float64;Rés princ 5 pièces ou plus en 2019 (princ);Logement;;
P19_NBPI_RP;34938;17;float64;Pièces rés princ en 2019 (princ);Logement;;
P19_RPMAISON;34938;17;float64;Rés princ type maison en 2019 (princ);Logement;;
P19_NBPI_RPMAISON;34938;17;float64;Pièces rés princ type maison en 2019 (princ);Logement;;
P19_RPAPPART;34938;17;float64;Rés princ type appartement en 2019 (princ);Logement;;
P19_NBPI_RPAPPART;34938;17;float64;Pièces rés princ type appartement en 2019 (princ);Logement;;
C19_RP_HSTU1P;34938;17;float64;Rés princ hors studio de 1 personne en 2019 (compl);Logement;;
C19_RP_HSTU1P_SUROCC;34938;17;float64;Rés princ hors studio de 1 personne en suroccupation en 2019 (compl);Logement;;
P19_RP_ACHTOT;34938;17;float64;Rés princ avt 2016 en 2019 (princ);Logement;;
P19_RP_ACH19;34938;17;float64;Rés princ avt 1919 en 2019 (princ);Logement;;
P19_RP_ACH45;34938;17;float64;Rés princ 1919 à 1945 en 2019 (princ);Logement;;
P19_RP_ACH70;34938;17;float64;Rés princ 1946 à 1970 en 2019 (princ);Logement;;
P19_RP_ACH90;34938;17;float64;Rés princ 1971 à 1990 en 2019 (princ);Logement;;
P19_RP_ACH05;34938;17;float64;Rés princ 1991 à 2005 en 2019 (princ);Logement;;
P19_RPMAISON_ACH19;34938;17;float64;Rés princ Type maison avt 1919 en 2019 (princ);Logement;;
P19_RPMAISON_ACH45;34938;17;float64;Rés princ Type maison 1919 à 1945 en 2019 (princ);Logement;;
P19_RPMAISON_ACH70;34938;17;float64;Rés princ Type maison 1946 à 1970 en 2019 (princ);Logement;;
P19_RPMAISON_ACH90;34938;17;float64;Rés princ Type maison 1971 à 1990 en 2019 (princ);Logement;;
P19_RPMAISON_ACH05;34938;17;float64;Rés princ Type maison 1991 à 2005 en 2019 (princ);Logement;;
P19_RPAPPART_ACH19;34938;17;float64;Rés princ Type appart avt 1919 en 2019 (princ);Logement;;
P19_RPAPPART_ACH45;34938;17;float64;Rés princ Type appart 1919 à 1945 en 2019 (princ);Logement;;
P19_RPAPPART_ACH70;34938;17;float64;Rés princ Type appart 1946 à 1970 en 2019 (princ);Logement;;
P19_RPAPPART_ACH90;34938;17;float64;Rés princ Type appart 1971 à 1990 en 2019 (princ);Logement;;
P19_RPAPPART_ACH05;34938;17;float64;Rés princ Type appart 1991 à 2005 en 2019 (princ);Logement;;
P19_MEN;34938;17;float64;Ménages en 2019 (princ);Logement;;
P19_MEN_ANEM0002;34938;17;float64;Ménages emménagés moins 2 ans en 2019 (princ);Logement;;
P19_MEN_ANEM0204;34938;17;float64;Ménages emménagés entre 2-4 ans en 2019 (princ);Logement;;
P19_MEN_ANEM0509;34938;17;float64;Ménages emménagés entre 5-9 ans en 2019 (princ);Logement;;
P19_MEN_ANEM10P;34938;17;float64;Ménages emménagés depuis 10 ans ou plus en 2019 (princ);Logement;;
P19_MEN_ANEM1019;34938;17;float64;Ménages emménagés entre 10-19 ans en 2019 (princ);Logement;;
P19_MEN_ANEM2029;34938;17;float64;Ménages emménagés entre 20-29 ans en 2019 (princ);Logement;;
P19_MEN_ANEM30P;34938;17;float64;Ménages emménagés depuis 30 ans ou plus en 2019 (princ);Logement;;
P19_PMEN;34938;17;float64;Pop ménages en 2019 (princ);Logement;;
P19_PMEN_ANEM0002;34938;17;float64;Pop mén emménagés moins 2 ans en 2019 (princ);Logement;;
P19_PMEN_ANEM0204;34938;17;float64;Pop mén emménagés entre 2-4 ans en 2019 (princ);Logement;;
P19_PMEN_ANEM0509;34938;17;float64;Pop mén emménagés entre 5-9 ans en 2019 (princ);Logement;;
P19_PMEN_ANEM10P;34938;17;float64;Pop mén emménagés depuis 10 ans ou plus en 2019 (princ);Logement;;
P19_NBPI_RP_ANEM0002;34938;17;float64;Pièces Rés princ Mén. emménagés moins 2 ans en 2019 (princ);Logement;;
P19_NBPI_RP_ANEM0204;34938;17;float64;Pièces Rés princ Mén. emménagés entre 2-4 ans en 2019 (princ);Logement;;
P19_NBPI_RP_ANEM0509;34938;17;float64;Pièces Rés princ Mén. emménagés entre 5-9 ans en 2019 (princ);Logement;;
P19_NBPI_RP_ANEM10P;34938;17;float64;Pièces Rés princ Mén. emménagés depuis 10 ans ou plus en 2019 (princ);Logement;;
P19_RP_PROP;34938;17;float64;Rés princ occupées Propriétaires en 2019 (princ);Logement;;
P19_RP_LOC;34938;17;float64;Rés princ occupées Locataires en 2019 (princ);Logement;;
P19_RP_LOCHLMV;34938;17;float64;Rés princ HLM louée vide en 2019 (princ);Logement;;
P19_RP_GRAT;34938;17;float64;Rés princ logé gratuit en 2019 (princ);Logement;;
P19_NPER_RP;34938;17;float64;Personnes Rés princ en 2019 (princ);Logement;;
P19_NPER_RP_PROP;34938;17;float64;Pers Rés princ occupées Propriétaires en 2019 (princ);Logement;;
P19_NPER_RP_LOC;34938;17;float64;Pers Rés princ occupées Locataires en 2019 (princ);Logement;;
P19_NPER_RP_LOCHLMV;34938;17;float64;Pers Rés princ HLM louées vides en 2019 (princ);Logement;;
P19_NPER_RP_GRAT;34938;17;float64;Pers Rés princ occupées gratuit en 2019 (princ);Logement;;
P19_ANEM_RP;34938;17;float64;Anc tot Emméngt Rés princ (années) en 2019 (princ);Logement;;
P19_ANEM_RP_PROP;34938;17;float64;Anc tot Emméngt Rés princ occ par Propriétaires (années) en 2019 (princ);Logement;;
P19_ANEM_RP_LOC;34938;17;float64;Anc tot Emméngt Rés princ occ par Locataires (années) en 2019 (princ);Logement;;
P19_ANEM_RP_LOCHLMV;34938;17;float64;Anc tot Emméngt Rés princ HLM louées vides (années) en 2019 (princ);Logement;;
P19_ANEM_RP_GRAT;34938;17;float64;Anc tot Emméngt Rés princ occ gratuit (années) en 2019 (princ);Logement;;
P19_RP_SDB;34826;129;float64;Rés princ SDB baignoire douche en 2019 (princ);Logement;;
P19_RP_CCCOLL;34826;129;float64;Rés princ Chauffage Central Collectif  en 2019 (princ);Logement;;
P19_RP_CCIND;34826;129;float64;Rés princ Chauffage Central Individuel en 2019 (princ);Logement;;
P19_RP_CINDELEC;34826;129;float64;Rés princ Chauffage Individuel Electrique en 2019 (princ);Logement;;
P19_RP_ELEC;112;34843;float64;Rés princ avec électricité en 2019 (princ);Logement;;
P19_RP_EAUCH;112;34843;float64;Rés princ avec eau chaude en 2019 (princ);Logement;;
P19_RP_BDWC;112;34843;float64;Rés princ avec Bain/Douche WC en 2019 (princ);Logement;;
P19_RP_CHOS;112;34843;float64;Rés princ avec chauffe-eau solaire en 2019 (princ);Logement;;
P19_RP_CLIM;112;34843;float64;Rés princ avec pièce climatisée en 2019 (princ);Logement;;
P19_RP_TTEGOU;112;34843;float64;Rés princ avec tout à l'égout en 2019 (princ);Logement;;
P19_RP_GARL;34938;17;float64;Ménages au moins un parking en 2019 (princ);Logement;;
P19_RP_VOIT1P;34938;17;float64;Ménages au moins une voiture en 2019 (princ);Logement;;
P19_RP_VOIT1;34938;17;float64;Ménages une voiture en 2019 (princ);Logement;;
P19_RP_VOIT2P;34938;17;float64;Ménages deux voitures ou plus en 2019 (princ);Logement;;
P19_RP_HABFOR;112;34843;float64;Habitations de fortune en 2019 (princ);Logement;;
P19_RP_CASE;112;34843;float64;Cases traditionnelles en 2019 (princ);Logement;;
P19_RP_MIBOIS;112;34843;float64;Maisons ou Immeubles en bois en 2019 (princ);Logement;;
P19_RP_MIDUR;112;34843;float64;Maisons ou Immeubles en dur en 2019 (princ);Logement;;
P19_POP0205;34938;17;float64;Pop 2-5 ans en 2019 (princ);Diplômes - Formation;;
P19_POP0610;34938;17;float64;Pop 6-10 ans en 2019 (princ);Diplômes - Formation;;
P19_POP1824;34938;17;float64;Pop 18-24 ans en 2019 (princ);Diplômes - Formation;;
P19_POP2529;34938;17;float64;Pop 25-29 ans en 2019 (princ);Diplômes - Formation;;
P19_POP30P;34938;17;float64;Pop 30 ans ou plus en 2019 (princ);Diplômes - Formation;;
P19_SCOL0205;34938;17;float64;Pop scolarisée 2-5 ans en 2019 (princ);Diplômes - Formation;;
P19_SCOL0610;34938;17;float64;Pop scolarisée 6-10 ans en 2019 (princ);Diplômes - Formation;;
P19_SCOL1824;34938;17;float64;Pop scolarisée 18-24 ans en 2019 (princ);Diplômes - Formation;;
P19_SCOL2529;34938;17;float64;Pop scolarisée 25-29 ans en 2019 (princ);Diplômes - Formation;;
P19_SCOL30P;34938;17;float64;Pop scolarisée 30 ans ou plus en 2019 (princ);Diplômes - Formation;;
P19_H0205;34938;17;float64;Hommes 2-5 ans en 2019 (princ);Diplômes - Formation;;
P19_H0610;34938;17;float64;Hommes 6-10 ans en 2019 (princ);Diplômes - Formation;;
P19_H1824;34938;17;float64;Hommes 18-24 ans en 2019 (princ);Diplômes - Formation;;
P19_H2529;34938;17;float64;Hommes 25-29 ans en 2019 (princ);Diplômes - Formation;;
P19_H30P;34938;17;float64;Hommes 30 ans ou plus en 2019 (princ);Diplômes - Formation;;
P19_HSCOL0205;34938;17;float64;Hommes scolarisés 2-5 ans en 2019 (princ);Diplômes - Formation;;
P19_HSCOL0610;34938;17;float64;Hommes scolarisés 6-10 ans en 2019 (princ);Diplômes - Formation;;
P19_HSCOL1824;34938;17;float64;Hommes scolarisés 18-24 ans en 2019 (princ);Diplômes - Formation;;
P19_HSCOL2529;34938;17;float64;Hommes scolarisés 25-29 ans en 2019 (princ);Diplômes - Formation;;
P19_HSCOL30P;34938;17;float64;Hommes scolarisés 30 ans ou plus en 2019 (princ);Diplômes - Formation;;
P19_F0205;34938;17;float64;Femmes 2-5 ans en 2019 (princ);Diplômes - Formation;;
P19_F0610;34938;17;float64;Femmes 6-10 ans en 2019 (princ);Diplômes - Formation;;
P19_F1824;34938;17;float64;Femmes 18-24 ans en 2019 (princ);Diplômes - Formation;;
P19_F2529;34938;17;float64;Femmes 25-29 ans en 2019 (princ);Diplômes - Formation;;
P19_F30P;34938;17;float64;Femmes 30 ans ou plus en 2019 (princ);Diplômes - Formation;;
P19_FSCOL0205;34938;17;float64;Femmes scolarisées 2-5 ans en 2019 (princ);Diplômes - Formation;;
P19_FSCOL0610;34938;17;float64;Femmes scolarisées 6-10 ans en 2019 (princ);Diplômes - Formation;;
P19_FSCOL1824;34938;17;float64;Femmes scolarisées 18-24 ans en 2019 (princ);Diplômes - Formation;;
P19_FSCOL2529;34938;17;float64;Femmes scolarisées 25-29 ans en 2019 (princ);Diplômes - Formation;;
P19_FSCOL30P;34938;17;float64;Femmes scolarisées 30 ans ou plus  en 2019 (princ);Diplômes - Formation;;
P19_NSCOL15P;34938;17;float64;Pop 15 ans ou plus non scolarisée en 2019 (princ);Diplômes - Formation;;
P19_NSCOL15P_DIPLMIN;34938;17;float64;Pop 15 ans ou plus non scol. Sans diplôme ou CEP en 2019 (princ);Diplômes - Formation;;
P19_NSCOL15P_BEPC;34938;17;float64;Pop 15 ans ou plus non scol. BEPC, brevet des collèges, DNB en 2019 (princ);Diplômes - Formation;;
P19_NSCOL15P_CAPBEP;34938;17;float64;Pop 15 ans ou plus non scol. CAP-BEP ou équiv. en 2019 (princ);Diplômes - Formation;;
P19_NSCOL15P_BAC;34938;17;float64;Pop 15 ans ou plus non scol. Bac, brevet pro. ou équiv. en 2019 (princ);Diplômes - Formation;;
P19_NSCOL15P_SUP2;34938;17;float64;Pop 15 ans ou plus non scol. Enseignement sup de niveau bac + 2 en 2019 (princ);Diplômes - Formation;;
P19_NSCOL15P_SUP34;34938;17;float64;Pop 15 ans ou plus non scol. Enseignement sup de niveau bac + 3 ou 4 en 2019 (princ);Diplômes - Formation;;
P19_NSCOL15P_SUP5;34938;17;float64;Pop 15 ans ou plus non scol. Enseignement sup de niveau bac + 5 ou plus en 2019 (princ);Diplômes - Formation;;
P19_HNSCOL15P;34938;17;float64;Hommes 15 ans ou plus non scolarisée en 2019 (princ);Diplômes - Formation;;
P19_HNSCOL15P_DIPLMIN;34938;17;float64;Hommes 15 ans ou plus non scol. Sans diplôme ou CEP en 2019 (princ);Diplômes - Formation;;
P19_HNSCOL15P_BEPC;34938;17;float64;Hommes 15 ans ou plus non scol. BEPC, brevet des collèges, DNB en 2019 (princ);Diplômes - Formation;;
P19_HNSCOL15P_CAPBEP;34938;17;float64;Hommes 15 ans ou plus non scol. CAP-BEP ou équiv. en 2019 (princ);Diplômes - Formation;;
P19_HNSCOL15P_BAC;34938;17;float64;Hommes 15 ans ou plus non scol. Bac, brevet pro. ou équiv. en 2019 (princ);Diplômes - Formation;;
P19_HNSCOL15P_SUP2;34938;17;float64;Hommes 15 ans ou plus non scol. Enseignement sup de niveau bac + 2 en 2019 (princ);Diplômes - Formation;;
P19_HNSCOL15P_SUP34;34938;17;float64;Hommes 15 ans ou plus non scol. Enseignement sup de niveau bac + 3 ou 4 en 2019 (princ);Diplômes - Formation;;
P19_HNSCOL15P_SUP5;34938;17;float64;Hommes 15 ans ou plus non scol. Enseignement sup de niveau bac + 5 ou plus en 2019 (princ);Diplômes - Formation;;
P19_FNSCOL15P;34938;17;float64;Femmes 15 ans ou plus non scolarisée en 2019 (princ);Diplômes - Formation;;
P19_FNSCOL15P_DIPLMIN;34938;17;float64;Femmes 15 ans ou plus non scol. Sans diplôme ou CEP en 2019 (princ);Diplômes - Formation;;
P19_FNSCOL15P_BEPC;34938;17;float64;Femmes 15 ans ou plus non scol. BEPC, brevet des collèges, DNB en 2019 (princ);Diplômes - Formation;;
P19_FNSCOL15P_CAPBEP;34938;17;float64;Femmes 15 ans ou plus non scol. CAP-BEP ou équiv. en 2019 (princ);Diplômes - Formation;;
P19_FNSCOL15P_BAC;34938;17;float64;Femmes 15 ans ou plus non scol. Bac, brevet pro. ou équiv. en 2019 (princ);Diplômes - Formation;;
P19_FNSCOL15P_SUP2;34938;17;float64;Femmes 15 ans ou plus non scol. Enseignement sup de niveau bac + 2 en 2019 (princ);Diplômes - Formation;;
P19_FNSCOL15P_SUP34;34938;17;float64;Femmes 15 ans ou plus non scol. Enseignement sup de niveau bac + 3 ou 4 en 2019 (princ);Diplômes - Formation;;
P19_FNSCOL15P_SUP5;34938;17;float64;Femmes 15 ans ou plus non scol. Enseignement sup de niveau bac + 5 ou plus en 2019 (princ);Diplômes - Formation;;
P19_POP1564;34938;17;float64;Pop 15-64 ans en 2019 (princ);Caractéristiques de l'emploi au sens du recensement;;
P19_POP1524;34938;17;float64;Pop 15-24 ans en 2019 (princ);Caractéristiques de l'emploi au sens du recensement;;
P19_POP2554;34938;17;float64;Pop 25-54 ans en 2019 (princ);Caractéristiques de l'emploi au sens du recensement;;
P19_H1564;34938;17;float64;Pop 15-64 ans Hommes en 2019 (princ);Caractéristiques de l'emploi au sens du recensement;;
P19_H1524;34938;17;float64;Pop 15-24 ans Hommes en 2019 (princ);Caractéristiques de l'emploi au sens du recensement;;
P19_H2554;34938;17;float64;Pop 25-54 ans Hommes en 2019 (princ);Caractéristiques de l'emploi au sens du recensement;;
P19_H5564;34938;17;float64;Pop 55-64 ans Hommes en 2019 (princ);Caractéristiques de l'emploi au sens du recensement;;
P19_F1564;34938;17;float64;Pop 15-64 ans Femmes en 2019 (princ);Caractéristiques de l'emploi au sens du recensement;;
P19_F1524;34938;17;float64;Pop 15-24 ans Femmes en 2019 (princ);Caractéristiques de l'emploi au sens du recensement;;
P19_F2554;34938;17;float64;Pop 25-54 ans Femmes en 2019 (princ);Caractéristiques de l'emploi au sens du recensement;;
P19_F5564;34938;17;float64;Pop 55-64 ans Femmes en 2019 (princ);Caractéristiques de l'emploi au sens du recensement;;
P19_ACT1564;34938;17;float64;Actifs 15-64 ans en 2019 (princ);Caractéristiques de l'emploi au sens du recensement;;
P19_ACT1524;34938;17;float64;Actifs 15-24 ans en 2019 (princ);Caractéristiques de l'emploi au sens du recensement;;
P19_ACT2554;34938;17;float64;Actifs 25-54 ans en 2019 (princ);Caractéristiques de l'emploi au sens du recensement;;
P19_ACT5564;34938;17;float64;Actifs 55-64 ans en 2019 (princ);Caractéristiques de l'emploi au sens du recensement;;
P19_HACT1564;34938;17;float64;Actifs 15-64 ans Hommes en 2019 (princ);Caractéristiques de l'emploi au sens du recensement;;
P19_HACT1524;34938;17;float64;Actifs 15-24 ans Hommes en 2019 (princ);Caractéristiques de l'emploi au sens du recensement;;
P19_HACT2554;34938;17;float64;Actifs 25-54 ans Hommes en 2019 (princ);Caractéristiques de l'emploi au sens du recensement;;
P19_HACT5564;34938;17;float64;Actifs 55-64 ans Hommes en 2019 (princ);Caractéristiques de l'emploi au sens du recensement;;
P19_FACT1564;34938;17;float64;Actifs 15-64 ans Femmes en 2019 (princ);Caractéristiques de l'emploi au sens du recensement;;
P19_FACT1524;34938;17;float64;Actifs 15-24 ans Femmes en 2019 (princ);Caractéristiques de l'emploi au sens du recensement;;
P19_FACT2554;34938;17;float64;Actifs 25-54 ans Femmes en 2019 (princ);Caractéristiques de l'emploi au sens du recensement;;
P19_FACT5564;34938;17;float64;Actifs 55-64 ans Femmes en 2019 (princ);Caractéristiques de l'emploi au sens du recensement;;
P19_ACTOCC1564;34938;17;float64;Actifs occupés 15-64 ans en 2019 (princ);Caractéristiques de l'emploi au sens du recensement;;
P19_ACTOCC1524;34938;17;float64;Actifs occupés 15-24 ans en 2019 (princ);Caractéristiques de l'emploi au sens du recensement;;
P19_ACTOCC2554;34938;17;float64;Actifs occupés 25-54 ans en 2019 (princ);Caractéristiques de l'emploi au sens du recensement;;
P19_ACTOCC5564;34938;17;float64;Actifs occupés 55-64 ans en 2019 (princ);Caractéristiques de l'emploi au sens du recensement;;
P19_HACTOCC1564;34938;17;float64;Actifs occupés 15-64 ans Hommes en 2019 (princ);Caractéristiques de l'emploi au sens du recensement;;
P19_HACTOCC1524;34938;17;float64;Actifs occupés 15-24 ans Hommes en 2019 (princ);Caractéristiques de l'emploi au sens du recensement;;
P19_HACTOCC2554;34938;17;float64;Actifs occupés 25-54 ans Hommes en 2019 (princ);Caractéristiques de l'emploi au sens du recensement;;
P19_HACTOCC5564;34938;17;float64;Actifs occupés 55-64 ans Hommes en 2019 (princ);Caractéristiques de l'emploi au sens du recensement;;
P19_FACTOCC1564;34938;17;float64;Actifs occupés 15-64 ans Femmes en 2019 (princ);Caractéristiques de l'emploi au sens du recensement;;
P19_FACTOCC1524;34938;17;float64;Actifs occupés 15-24 ans Femmes en 2019 (princ);Caractéristiques de l'emploi au sens du recensement;;
P19_FACTOCC2554;34938;17;float64;Actifs occupés 25-54 ans Femmes en 2019 (princ);Caractéristiques de l'emploi au sens du recensement;;
P19_FACTOCC5564;34938;17;float64;Actifs occupés 55-64 ans Femmes en 2019 (princ);Caractéristiques de l'emploi au sens du recensement;;
P19_CHOMEUR1564;34938;17;float64;Chômeurs 15-64 ans en 2019 (princ);Caractéristiques de l'emploi au sens du recensement;;
P19_CHOMEUR1524;34938;17;float64;Chômeurs de 15-24 ans en 2019 (princ);Caractéristiques de l'emploi au sens du recensement;;
P19_CHOMEUR2554;34938;17;float64;Chômeurs de 25-54 ans en 2019 (princ);Caractéristiques de l'emploi au sens du recensement;;
P19_CHOMEUR55P;34938;17;float64;Chômeurs de 55-64 ans en 2019 (princ);Caractéristiques de l'emploi au sens du recensement;;
P19_CHOM_DIPLMIN;34938;17;float64;Chômeurs Sans diplôme ou CEP en 2019 (princ);Caractéristiques de l'emploi au sens du recensement;;
P19_CHOM_BEPC;34938;17;float64;Chômeurs BEPC, brevet des collèges, DNB en 2019 (princ);Caractéristiques de l'emploi au sens du recensement;;
P19_CHOM_CAPBEP;34938;17;float64;Chômeurs CAP-BEP ou équiv. en 2019 (princ);Caractéristiques de l'emploi au sens du recensement;;
P19_CHOM_BAC;34938;17;float64;Chômeurs Bac, brevet pro. ou équiv.  en 2019 (princ);Caractéristiques de l'emploi au sens du recensement;;
P19_CHOM_SUP2;34938;17;float64;Chômeurs Enseignement sup de niveau bac + 2  en 2019 (princ);Caractéristiques de l'emploi au sens du recensement;;
P19_CHOM_SUP34;34938;17;float64;Chômeurs Enseignement sup de niveau bac + 3 ou 4  en 2019 (princ);Caractéristiques de l'emploi au sens du recensement;;
P19_CHOM_SUP5;34938;17;float64;Chômeurs Enseignement sup de niveau bac + 5 ou plus  en 2019 (princ);Caractéristiques de l'emploi au sens du recensement;;
P19_ACT_DIPLMIN;34938;17;float64;Actifs Sans diplôme ou CEP en 2019 (princ);Caractéristiques de l'emploi au sens du recensement;;
P19_ACT_BEPC;34938;17;float64;Actifs BEPC, brevet des collèges, DNB en 2019 (princ);Caractéristiques de l'emploi au sens du recensement;;
P19_ACT_CAPBEP;34938;17;float64;Actifs CAP-BEP ou équiv. en 2019 (princ);Caractéristiques de l'emploi au sens du recensement;;
P19_ACT_BAC;34938;17;float64;Actifs Bac, brevet pro. ou équiv.  en 2019 (princ);Caractéristiques de l'emploi au sens du recensement;;
P19_ACT_SUP2;34938;17;float64;Actifs Enseignement sup de niveau bac + 2  en 2019 (princ);Caractéristiques de l'emploi au sens du recensement;;
P19_ACT_SUP34;34938;17;float64;Actifs Enseignement sup de niveau bac + 3 ou 4  en 2019 (princ);Caractéristiques de l'emploi au sens du recensement;;
P19_ACT_SUP5;34938;17;float64;Actifs Enseignement sup de niveau bac + 5 ou plus  en 2019 (princ);Caractéristiques de l'emploi au sens du recensement;;
P19_INACT1564;34938;17;float64;Inactifs 15-64 ans en 2019 (princ);Caractéristiques de l'emploi au sens du recensement;;
P19_ETUD1564;34938;17;float64;Elèv. Etud. Stag. non rémunérés 15-64 ans en 2019 (princ);Caractéristiques de l'emploi au sens du recensement;;
P19_RETR1564;34938;17;float64;Retraités Préretraités 15-64 ans en 2019 (princ);Caractéristiques de l'emploi au sens du recensement;;
P19_AINACT1564;34938;17;float64;Autres inactifs 15-64 ans en 2019 (princ);Caractéristiques de l'emploi au sens du recensement;;
C19_ACT1564;34938;17;float64;Actifs 15-64 ans en 2019 (compl);Caractéristiques de l'emploi au sens du recensement;;
C19_ACT1564_CS1;34938;17;float64;Actifs 15-64 ans Agriculteurs exploitants en 2019 (compl);Caractéristiques de l'emploi au sens du recensement;;
C19_ACT1564_CS2;34938;17;float64;Actifs 15-64 ans Artisans, Comm., Chefs entr. en 2019 (compl);Caractéristiques de l'emploi au sens du recensement;;
C19_ACT1564_CS3;34938;17;float64;Actifs 15-64 ans Cadres, Prof. intel. sup. en 2019 (compl);Caractéristiques de l'emploi au sens du recensement;;
C19_ACT1564_CS4;34938;17;float64;Actifs 15-64 ans Prof. intermédiaires en 2019 (compl);Caractéristiques de l'emploi au sens du recensement;;
C19_ACT1564_CS5;34938;17;float64;Actifs 15-64 ans Employés en 2019 (compl);Caractéristiques de l'emploi au sens du recensement;;
C19_ACT1564_CS6;34938;17;float64;Actifs 15-64 ans Ouvriers en 2019 (compl);Caractéristiques de l'emploi au sens du recensement;;
C19_ACTOCC1564;34938;17;float64;Actifs occupés 15-64 ans en 2019 (compl);Caractéristiques de l'emploi au sens du recensement;;
C19_ACTOCC1564_CS1;34938;17;float64;Actifs occ 15-64 ans Agriculteurs exploitants en 2019 (compl);Caractéristiques de l'emploi au sens du recensement;;
C19_ACTOCC1564_CS2;34938;17;float64;Actifs occ 15-64 ans Artisans, Comm., Chefs entr. en 2019 (compl);Caractéristiques de l'emploi au sens du recensement;;
C19_ACTOCC1564_CS3;34938;17;float64;Actifs occ 15-64 ans Cadres Prof. intel. sup. en 2019 (compl);Caractéristiques de l'emploi au sens du recensement;;
C19_ACTOCC1564_CS4;34938;17;float64;Actifs occ 15-64 ans Prof. intermédiaires en 2019 (compl);Caractéristiques de l'emploi au sens du recensement;;
C19_ACTOCC1564_CS5;34938;17;float64;Actifs occupés 15-64 ans Employés en 2019 (compl);Caractéristiques de l'emploi au sens du recensement;;
C19_ACTOCC1564_CS6;34938;17;float64;Actifs occupés 15-64 ans Ouvriers en 2019 (compl);Caractéristiques de l'emploi au sens du recensement;;
P19_EMPLT;34938;17;float64;Emplois au LT en 2019 (princ);Caractéristiques de l'emploi au sens du recensement;;
P19_ACTOCC;34938;17;float64;Actifs occupés en 2019 (princ);Caractéristiques de l'emploi au sens du recensement;;
P19_ACT15P;34938;17;float64;Actifs 15 ans ou plus en 2019 (princ);Caractéristiques de l'emploi au sens du recensement;;
P19_EMPLT_SAL;34938;17;float64;Emplois salariés au LT en 2019 (princ);Caractéristiques de l'emploi au sens du recensement;;
P19_EMPLT_FSAL;34938;17;float64;Emplois salariés femmes au LT en 2019 (princ);Caractéristiques de l'emploi au sens du recensement;;
P19_EMPLT_SALTP;34938;17;float64;Emplois salariés TP au LT en 2019 (princ);Caractéristiques de l'emploi au sens du recensement;;
P19_EMPLT_NSAL;34938;17;float64;Emplois non-salariés au LT en 2019 (princ);Caractéristiques de l'emploi au sens du recensement;;
P19_EMPLT_FNSAL;34938;17;float64;Emplois non-salariés femmes au LT en 2019 (princ);Caractéristiques de l'emploi au sens du recensement;;
P19_EMPLT_NSALTP;34938;17;float64;Emplois non-salariés TP au LT en 2019 (princ);Caractéristiques de l'emploi au sens du recensement;;
C19_EMPLT;34938;17;float64;Emplois au LT en 2019 (compl);Caractéristiques de l'emploi au sens du recensement;;
C19_EMPLT_CS1;34938;17;float64;Agriculteurs exploitants au LT en 2019 (compl);Caractéristiques de l'emploi au sens du recensement;;
C19_EMPLT_CS2;34938;17;float64;Artisans, Commerçants, Chefs entreprise au LT en 2019 (compl);Caractéristiques de l'emploi au sens du recensement;;
C19_EMPLT_CS3;34938;17;float64;Cadres Prof. intel. sup. au LT en 2019 (compl);Caractéristiques de l'emploi au sens du recensement;;
C19_EMPLT_CS4;34938;17;float64;Prof. intermédiaires au LT en 2019 (compl);Caractéristiques de l'emploi au sens du recensement;;
C19_EMPLT_CS5;34938;17;float64;Employés au LT en 2019 (compl);Caractéristiques de l'emploi au sens du recensement;;
C19_EMPLT_CS6;34938;17;float64;Ouvriers au LT en 2019 (compl);Caractéristiques de l'emploi au sens du recensement;;
C19_EMPLT_AGRI;34938;17;float64;Emplois au LT Agriculture en 2019 (compl);Caractéristiques de l'emploi au sens du recensement;;
C19_EMPLT_INDUS;34938;17;float64;Emplois au LT Industrie en 2019 (compl);Caractéristiques de l'emploi au sens du recensement;;
C19_EMPLT_CONST;34938;17;float64;Emplois au LT Construction en 2019 (compl);Caractéristiques de l'emploi au sens du recensement;;
C19_EMPLT_CTS;34938;17;float64;Emplois au LT Commerce, Transports, Services divers en 2019 (compl);Caractéristiques de l'emploi au sens du recensement;;
C19_EMPLT_APESAS;34938;17;float64;Emplois au LT Adm publique, Enseignement, Santé, Act sociale en 2019 (compl);Caractéristiques de l'emploi au sens du recensement;;
C19_EMPLT_F;34938;17;float64;Emplois femmes au LT en 2019 (compl);Caractéristiques de l'emploi au sens du recensement;;
C19_AGRILT_F;34938;17;float64;Emplois femmes au LT Agriculture en 2019 (compl);Caractéristiques de l'emploi au sens du recensement;;
C19_INDUSLT_F;34938;17;float64;Emplois femmes au LT Industrie en 2019 (compl);Caractéristiques de l'emploi au sens du recensement;;
C19_CONSTLT_F;34938;17;float64;Emplois femmes au LT Construction en 2019 (compl);Caractéristiques de l'emploi au sens du recensement;;
C19_CTSLT_F;34938;17;float64;Emplois femmes au LT Commerce, Transports, Services divers en 2019 (compl);Caractéristiques de l'emploi au sens du recensement;;
C19_APESASLT_F;34938;17;float64;Emplois femmes au LT Adm publique, Enseignement, Santé, Act sociale en 2019 (compl);Caractéristiques de l'emploi au sens du recensement;;
C19_EMPLT_SAL;34938;17;float64;Emplois salariés au LT en 2019 (compl);Caractéristiques de l'emploi au sens du recensement;;
C19_AGRILT_SAL;34938;17;float64;Emplois salariés au LT Agriculture en 2019 (compl);Caractéristiques de l'emploi au sens du recensement;;
C19_INDUSLT_SAL;34938;17;float64;Emplois salariés au LT Industrie en 2019 (compl);Caractéristiques de l'emploi au sens du recensement;;
C19_CONSTLT_SAL;34938;17;float64;Emplois salariés au LT Construction en 2019 (compl);Caractéristiques de l'emploi au sens du recensement;;
C19_CTSLT_SAL;34938;17;float64;Emplois salariés au LT Commerce, Transports, Services divers en 2019 (compl);Caractéristiques de l'emploi au sens du recensement;;
C19_APESASLT_SAL;34938;17;float64;Emplois salariés au LT Adm publique, Enseignement, Santé, Act sociale en 2019 (compl);Caractéristiques de l'emploi au sens du recensement;;
C19_AGRILT_FSAL;34938;17;float64;Emplois salariés femmes au LT Agriculture en 2019 (compl);Caractéristiques de l'emploi au sens du recensement;;
C19_INDUSLT_FSAL;34938;17;float64;Emplois salariés femmes au LT Industrie en 2019 (compl);Caractéristiques de l'emploi au sens du recensement;;
C19_CONSTLT_FSAL;34938;17;float64;Emplois salariés femmes au LT Construction en 2019 (compl);Caractéristiques de l'emploi au sens du recensement;;
C19_CTSLT_FSAL;34938;17;float64;Emplois salariés femmes au LT Commerce, Transports, Services divers en 2019 (compl);Caractéristiques de l'emploi au sens du recensement;;
C19_APESASLT_FSAL;34938;17;float64;Emplois salariés femmes au LT Adm publique, Enseignement, Santé, Act sociale en 2019 (compl);Caractéristiques de l'emploi au sens du recensement;;
C19_AGRILT_NSAL;34938;17;float64;Emplois non-salariés au LT Agriculture en 2019 (compl);Caractéristiques de l'emploi au sens du recensement;;
C19_INDUSLT_NSAL;34938;17;float64;Emplois non-salariés au LT Industrie en 2019 (compl);Caractéristiques de l'emploi au sens du recensement;;
C19_CONSTLT_NSAL;34938;17;float64;Emplois non-salariés au LT Construction en 2019 (compl);Caractéristiques de l'emploi au sens du recensement;;
C19_CTSLT_NSAL;34938;17;float64;Emplois non-salariés au LT Commerce, Transports, Services divers en 2019 (compl);Caractéristiques de l'emploi au sens du recensement;;
C19_APESASLT_NSAL;34938;17;float64;Emplois non-salariés au LT Adm publique, Enseignement, Santé, Act sociale en 2019 (compl);Caractéristiques de l'emploi au sens du recensement;;
C19_AGRILT_FNSAL;34938;17;float64;Emplois non-sal femmes au LT Agriculture en 2019 (compl);Caractéristiques de l'emploi au sens du recensement;;
C19_INDUSLT_FNSAL;34938;17;float64;Emplois non-sal femmes au LT Industrie en 2019 (compl);Caractéristiques de l'emploi au sens du recensement;;
C19_CONSTLT_FNSAL;34938;17;float64;Emplois non-sal femmes au LT Construction en 2019 (compl);Caractéristiques de l'emploi au sens du recensement;;
C19_CTSLT_FNSAL;34938;17;float64;Emplois non-sal femmes au LT Commerce, Transports, Services divers en 2019 (compl);Caractéristiques de l'emploi au sens du recensement;;
C19_APESASLT_FNSAL;34938;17;float64;Emplois non-sal femmes au LT Adm publique, Enseignement, Santé, Act sociale en 2019 (compl);Caractéristiques de l'emploi au sens du recensement;;
P19_HCHOM1564;34938;17;float64;Chômeurs 15-64 ans Hommes en 2019 (princ);Caractéristiques de l'emploi au sens du recensement;;
P19_HCHOM1524;34938;17;float64;Chômeurs 15-24 ans Hommes en 2019 (princ);Caractéristiques de l'emploi au sens du recensement;;
P19_HCHOM2554;34938;17;float64;Chômeurs 25-54 ans Hommes en 2019 (princ);Caractéristiques de l'emploi au sens du recensement;;
P19_HCHOM5564;34938;17;float64;Chômeurs 55-64 ans Hommes en 2019 (princ);Caractéristiques de l'emploi au sens du recensement;;
P19_FCHOM1564;34938;17;float64;Chômeurs 15-64 ans Femmes en 2019 (princ);Caractéristiques de l'emploi au sens du recensement;;
P19_FCHOM1524;34938;17;float64;Chômeurs 15-24 ans Femmes en 2019 (princ);Caractéristiques de l'emploi au sens du recensement;;
P19_FCHOM2554;34938;17;float64;Chômeurs 25-54 ans Femmes en 2019 (princ);Caractéristiques de l'emploi au sens du recensement;;
P19_FCHOM5564;34938;17;float64;Chômeurs 55-64 ans Femmes en 2019 (princ);Caractéristiques de l'emploi au sens du recensement;;
P19_ACTOCC15P;34938;17;float64;Actifs occupés 15 ans ou plus en 2019 (princ);Population active, emploi et chômage au sens du recensement;;
P19_SAL15P;34938;17;float64;Salariés 15 ans ou plus en 2019 (princ);Population active, emploi et chômage au sens du recensement;;
P19_NSAL15P;34938;17;float64;Non-salariés 15 ans ou plus en 2019 (princ);Population active, emploi et chômage au sens du recensement;;
P19_ACTOCC15P_TP;34938;17;float64;Actifs occ 15 ans ou plus TP en 2019 (princ);Population active, emploi et chômage au sens du recensement;;
P19_SAL15P_TP;34938;17;float64;Salariés 15 ans ou plus TP en 2019 (princ);Population active, emploi et chômage au sens du recensement;;
P19_HSAL15P_TP;34938;17;float64;Salariés 15 ans ou plus TP Hommes en 2019 (princ);Population active, emploi et chômage au sens du recensement;;
P19_FSAL15P_TP;34938;17;float64;Salariés 15 ans ou plus TP Femmes en 2019 (princ);Population active, emploi et chômage au sens du recensement;;
P19_NSAL15P_TP;34938;17;float64;Non-salariés 15 ans ou plus TP en 2019 (princ);Population active, emploi et chômage au sens du recensement;;
P19_HACTOCC15P;34938;17;float64;Actifs occupés 15 ans ou plus Hommes en 2019 (princ);Population active, emploi et chômage au sens du recensement;;
P19_HSAL15P;34938;17;float64;Salariés 15 ans ou plus Hommes en 2019 (princ);Population active, emploi et chômage au sens du recensement;;
P19_HSAL15P_CDI;34938;17;float64;Salariés 15 ans ou plus Hommes Fonct publ, CDI en 2019 (princ);Population active, emploi et chômage au sens du recensement;;
P19_HSAL15P_CDD;34938;17;float64;Salariés 15 ans ou plus Hommes CDD en 2019 (princ);Population active, emploi et chômage au sens du recensement;;
P19_HSAL15P_INTERIM;34938;17;float64;Salariés 15 ans ou plus Hommes Intérim en 2019 (princ);Population active, emploi et chômage au sens du recensement;;
P19_HSAL15P_EMPAID;34938;17;float64;Salariés 15 ans ou plus Hommes Emplois aidés en 2019 (princ);Population active, emploi et chômage au sens du recensement;;
P19_HSAL15P_APPR;34938;17;float64;Salariés 15 ans ou plus Hommes Apprentissage - Stage en 2019 (princ);Population active, emploi et chômage au sens du recensement;;
P19_HNSAL15P;34938;17;float64;Non-salariés 15 ans ou plus Hommes en 2019 (princ);Population active, emploi et chômage au sens du recensement;;
P19_HNSAL15P_INDEP;34938;17;float64;Non-salariés 15 ans ou plus Hommes Indépendants en 2019 (princ);Population active, emploi et chômage au sens du recensement;;
P19_HNSAL15P_EMPLOY;34938;17;float64;Non-salariés 15 ans ou plus Hommes Employeurs en 2019 (princ);Population active, emploi et chômage au sens du recensement;;
P19_HNSAL15P_AIDFAM;34938;17;float64;Non-salariés 15 ans ou plus Hommes Aides familiaux en 2019 (princ);Population active, emploi et chômage au sens du recensement;;
P19_FACTOCC15P;34938;17;float64;Actifs occupés 15 ans ou plus Femmes en 2019 (princ);Population active, emploi et chômage au sens du recensement;;
P19_FSAL15P;34938;17;float64;Salariés 15 ans ou plus Femmes en 2019 (princ);Population active, emploi et chômage au sens du recensement;;
P19_FSAL15P_CDI;34938;17;float64;Salariés 15 ans ou plus Femmes Fonct publ, CDI en 2019 (princ);Population active, emploi et chômage au sens du recensement;;
P19_FSAL15P_CDD;34938;17;float64;Salariés 15 ans ou plus Femmes CDD en 2019 (princ);Population active, emploi et chômage au sens du recensement;;
P19_FSAL15P_INTERIM;34938;17;float64;Salariés 15 ans ou plus Femmes Intérim en 2019 (princ);Population active, emploi et chômage au sens du recensement;;
P19_FSAL15P_EMPAID;34938;17;float64;Salariés 15 ans ou plus Femmes Emplois aidés en 2019 (princ);Population active, emploi et chômage au sens du recensement;;
P19_FSAL15P_APPR;34938;17;float64;Salariés 15 ans ou plus Femmes Apprentissage - Stage en 2019 (princ);Population active, emploi et chômage au sens du recensement;;
P19_FNSAL15P;34938;17;float64;Non-salariés 15 ans ou plus Femmes en 2019 (princ);Population active, emploi et chômage au sens du recensement;;
P19_FNSAL15P_INDEP;34938;17;float64;Non-salariés 15 ans ou plus Femmes Indépendantes en 2019 (princ);Population active, emploi et chômage au sens du recensement;;
P19_FNSAL15P_EMPLOY;34938;17;float64;Non-salariés 15 ans ou plus Femmes Employeurs en 2019 (princ);Population active, emploi et chômage au sens du recensement;;
P19_FNSAL15P_AIDFAM;34938;17;float64;Non-salariés 15 ans ou plus Femmes Aides familiales en 2019 (princ);Population active, emploi et chômage au sens du recensement;;
P19_HSAL1564;34938;17;float64;Salariés 15-64 ans Hommes en 2019 (princ);Population active, emploi et chômage au sens du recensement;;
P19_HSAL1524;34938;17;float64;Salariés 15-24 ans Hommes en 2019 (princ);Population active, emploi et chômage au sens du recensement;;
P19_HSAL2554;34938;17;float64;Salariés 25-54 ans Hommes en 2019 (princ);Population active, emploi et chômage au sens du recensement;;
P19_HSAL5564;34938;17;float64;Salariés 55-64 ans Hommes en 2019 (princ);Population active, emploi et chômage au sens du recensement;;
P19_HSAL1564_TP;34938;17;float64;Salariés 15-64 ans Hommes TP en 2019 (princ);Population active, emploi et chômage au sens du recensement;;
P19_HSAL1524_TP;34938;17;float64;Salariés 15-24 ans Hommes TP en 2019 (princ);Population active, emploi et chômage au sens du recensement;;
P19_HSAL2554_TP;34938;17;float64;Salariés 25-54 ans Hommes TP en 2019 (princ);Population active, emploi et chômage au sens du recensement;;
P19_HSAL5564_TP;34938;17;float64;Salariés 55-64 ans Hommes TP en 2019 (princ);Population active, emploi et chômage au sens du recensement;;
P19_FSAL1564;34938;17;float64;Salariés 15-64 ans Femmes en 2019 (princ);Population active, emploi et chômage au sens du recensement;;
P19_FSAL1524;34938;17;float64;Salariés 15-24 ans Femmes en 2019 (princ);Population active, emploi et chômage au sens du recensement;;
P19_FSAL2554;34938;17;float64;Salariés 25-54 ans Femmes en 2019 (princ);Population active, emploi et chômage au sens du recensement;;
P19_FSAL5564;34938;17;float64;Salariés 55-64 ans Femmes en 2019 (princ);Population active, emploi et chômage au sens du recensement;;
P19_FSAL1564_TP;34938;17;float64;Salariés 15-64 ans Femmes TP en 2019 (princ);Population active, emploi et chômage au sens du recensement;;
P19_FSAL1524_TP;34938;17;float64;Salariés 15-24 ans Femmes TP en 2019 (princ);Population active, emploi et chômage au sens du recensement;;
P19_FSAL2554_TP;34938;17;float64;Salariés 25-54 ans Femmes TP en 2019 (princ);Population active, emploi et chômage au sens du recensement;;
P19_FSAL5564_TP;34938;17;float64;Salariés 55-64 ans Femmes TP en 2019 (princ);Population active, emploi et chômage au sens du recensement;;
P19_ACTOCC15P_ILT1;34938;17;float64;Actifs occ 15 ans ou plus travaillent commune résidence en 2019 (princ);Population active, emploi et chômage au sens du recensement;;
P19_ACTOCC15P_ILT2P;34938;17;float64;Actifs occ 15 ans ou plus travaillent autre commune que commune résidence en 2019 (princ);Population active, emploi et chômage au sens du recensement;;
P19_ACTOCC15P_ILT2;34938;17;float64;Actifs occ 15 ans ou plus travaillent autre commune même dépt résidence en 2019 (princ);Population active, emploi et chômage au sens du recensement;;
P19_ACTOCC15P_ILT3;34938;17;float64;Actifs occ 15 ans ou plus travaillent autre dépt même région résidence en 2019 (princ);Population active, emploi et chômage au sens du recensement;;
P19_ACTOCC15P_ILT4;34938;17;float64;Actifs occ 15 ans ou plus travaillent autre région en métropole en 2019 (princ);Population active, emploi et chômage au sens du recensement;;
P19_ACTOCC15P_ILT5;34938;17;float64;Actifs occ 15 ans ou plus travaillent autre région hors métropole en 2019 (princ);Population active, emploi et chômage au sens du recensement;;
P19_ACTOCC15P_PASTRANS;34938;17;float64;Actifs occ 15 ans ou plus pas de transport pour travail en 2019 (princ);Population active, emploi et chômage au sens du recensement;;
P19_ACTOCC15P_MARCHE;34938;17;float64;Actifs occ 15 ans ou plus marche à pied pour travail en 2019 (princ);Population active, emploi et chômage au sens du recensement;;
P19_ACTOCC15P_VELO;34938;17;float64;Actifs occ 15 ans ou plus vélo en 2019 (princ);Population active, emploi et chômage au sens du recensement;;
P19_ACTOCC15P_2ROUESMOT;34938;17;float64;Actifs occ 15 ans ou plus deux-roues motorisé en 2019 (princ);Population active, emploi et chômage au sens du recensement;;
P19_ACTOCC15P_VOITURE;34938;17;float64;Actifs occ 15 ans ou plus voiture en 2019 (princ);Population active, emploi et chômage au sens du recensement;;
P19_ACTOCC15P_COMMUN;34938;17;float64;Actifs occ 15 ans ou plus transport en commun en 2019 (princ);Population active, emploi et chômage au sens du recensement;;
SUPERF;34938;17;float64;Superficie (en km²);Évolution et structure de la population;;
NBMENFISC20;34884;71;object;Nombre de ménages fiscaux;Revenus et pauvreté des ménages;;
NBPERSMENFISC20;34884;71;object;Nombre de personnes dans les ménages fiscaux;Revenus et pauvreté des ménages;;
MED20;34884;71;object;Médiane du niveau vie (€);Revenus et pauvreté des ménages;;
PIMP20;34884;71;object;Part des ménages fiscaux imposés (%);Revenus et pauvreté des ménages;;
TP6020;34884;71;object;Taux de pauvreté-Ensemble (%);Revenus et pauvreté des ménages;;
TP60AGE120;34884;71;object;Taux de pauvreté-moins de 30 ans (%);Revenus et pauvreté des ménages;;
TP60AGE220;34884;71;object;Taux de pauvreté-30 à 39 ans  (%);Revenus et pauvreté des ménages;;
TP60AGE320;34884;71;object;Taux de pauvreté-40 à 49 ans (%);Revenus et pauvreté des ménages;;
TP60AGE420;34884;71;object;Taux de pauvreté-50 à 59 ans (%);Revenus et pauvreté des ménages;;
TP60AGE520;34884;71;object;Taux de pauvreté-60 à 74 ans (%);Revenus et pauvreté des ménages;;
TP60AGE620;34884;71;object;Taux de pauvreté-75 ans ou plus (%);Revenus et pauvreté des ménages;;
TP60TOL120;34884;71;object;Taux de pauvreté-propriétaires (%);Revenus et pauvreté des ménages;;
TP60TOL220;34884;71;object;Taux de pauvreté-locataires (%);Revenus et pauvreté des ménages;;
PACT20;34884;71;object;Part des revenus d'activité (%);Revenus et pauvreté des ménages;;
PTSA20;34884;71;object;dont part des salaires et traitements (%);Revenus et pauvreté des ménages;;
PCHO20;34884;71;object;dont part des indemnités de chômage (%);Revenus et pauvreté des ménages;;
PBEN20;34884;71;object;dont part des revenus des activités non salariées (%);Revenus et pauvreté des ménages;;
PPEN20;34884;71;object;Part des pensions, retraites et rentes (%);Revenus et pauvreté des ménages;;
PPAT20;34884;71;object;Part des revenus du patrimoine et autres revenus (%);Revenus et pauvreté des ménages;;
PPSOC20;34884;71;object;Part de l'ensemble des prestations sociales (%);Revenus et pauvreté des ménages;;
PPFAM20;34884;71;object;dont part des prestations familiales (%);Revenus et pauvreté des ménages;;
PPMINI20;34884;71;object;dont part des minima sociaux (%);Revenus et pauvreté des ménages;;
PPLOGT20;34884;71;object;dont part des prestations logement (%);Revenus et pauvreté des ménages;;
PIMPOT20;34884;71;object;Part des impôts (%);Revenus et pauvreté des ménages;;
D120;34884;71;object;1er décile du niveau de vie (€);Revenus et pauvreté des ménages;;
D920;34884;71;object;9e décile du niveau de vie (€);Revenus et pauvreté des ménages;;
RD20;34884;71;object;Rapport interdécile 9e décile/1er décile;Revenus et pauvreté des ménages;;
SNHM20;5376;29579;float64;Salaire net horaire moyen en 2020 (€);Salaires et revenus d'activité;;
SNHMC20;5376;29579;float64;Salaire net hor. Moy. Cadres sup. en 2020 (€);Salaires et revenus d'activité;;
SNHMP20;5376;29579;float64;Salaire net hor. moy. prof inter. en 2020 (€);Salaires et revenus d'activité;;
SNHME20;5376;29579;float64;Salaire net hor. moy. employés en 2020 (€);Salaires et revenus d'activité;;
SNHMO20;5376;29579;float64;Salaire net hor. moy. ouvriers en 2020 (€);Salaires et revenus d'activité;;
SNHMF20;5376;29579;float64;Salaire net horaire moyen F en 2020 (€);Salaires et revenus d'activité;;
SNHMFC20;5376;29579;float64;Salaire net hor. moy. F cadres sup. en 2020 (€);Salaires et revenus d'activité;;
SNHMFP20;5376;29579;float64;Salaire net hor. moy. F prof inter. en 2020 (€);Salaires et revenus d'activité;;
SNHMFE20;5376;29579;float64;Salaire net hor. moy. F employés en 2020 (€);Salaires et revenus d'activité;;
SNHMFO20;5376;29579;float64;Salaire net hor. moy. F ouvriers en 2020 (€);Salaires et revenus d'activité;;
SNHMH20;5376;29579;float64;Salaire net horaire moyen H en 2020 (€);Salaires et revenus d'activité;;
SNHMHC20;5376;29579;float64;Salaire net hor. moy. H cadres sup. en 2020 (€);Salaires et revenus d'activité;;
SNHMHP20;5376;29579;float64;Salaire net hor. moy. H prof inter. en 2020 (€);Salaires et revenus d'activité;;
SNHMHE20;5376;29579;float64;Salaire net hor. moy. H employés en 2020 (€);Salaires et revenus d'activité;;
SNHMHO20;5376;29579;float64;Salaire net hor. moy. H ouvriers en 2020 (€);Salaires et revenus d'activité;;
SNHM1820;5376;29579;float64;Salaire net horaire moyen 18 à 25 ans en 2020 (€);Salaires et revenus d'activité;;
SNHM2620;5376;29579;float64;Salaire net horaire moyen 26 à 50 ans en 2020 (€);Salaires et revenus d'activité;;
SNHM5020;5376;29579;float64;Salaire net horaire moyen plus de 50 ans en 2020 (€);Salaires et revenus d'activité;;
SNHMF1820;5376;29579;float64;Salaire net horaire moyen F 18 à 25 ans en 2020 (€);Salaires et revenus d'activité;;
SNHMF2620;5376;29579;float64;Salaire net horaire moyen F 26 à 50 ans en 2020 (€);Salaires et revenus d'activité;;
SNHMF5020;5376;29579;float64;Salaire net horaire moyen F plus de 50 ans en 2020 (€);Salaires et revenus d'activité;;
SNHMH1820;5376;29579;float64;Salaire net horaire moyen H 18 à 25 ans en 2020 (€);Salaires et revenus d'activité;;
SNHMH2620;5376;29579;float64;Salaire net horaire moyen H 26 à 50 ans en 2020 (€);Salaires et revenus d'activité;;
SNHMH5020;5376;29579;float64;Salaire net horaire moyen H plus de 50 ans en 2020 (€);Salaires et revenus d'activité;;
ETTOT20;34938;17;float64;Total Ets actifs fin 2020;Caractéristiques des établissements;;
ETAZ20;34938;17;float64;Ets actifs agriculture fin 2020;Caractéristiques des établissements;;
ETBE20;34937;18;float64;Ets actifs industrie fin 2020;Caractéristiques des établissements;;
ETFZ20;34938;17;float64;Ets actifs construction fin 2020;Caractéristiques des établissements;;
ETGU20;34938;17;float64;Ets actifs commerce et services marchands fin 2020;Caractéristiques des établissements;;
ETGZ20;34938;17;float64;dont Ets actifs commerce fin 2020;Caractéristiques des établissements;;
ETOQ20;34938;17;float64;Ets actifs services non marchands fin 2020;Caractéristiques des établissements;;
ETTEF020;34938;17;float64;Ets actifs sans salarié fin 2020;Caractéristiques des établissements;;
ETAZ020;34938;17;float64;Ets actifs agriculture sans salarié fin 2020;Caractéristiques des établissements;;
ETBE020;34937;18;float64;Ets actifs industrie sans salarié fin 2020;Caractéristiques des établissements;;
ETFZ020;34938;17;float64;Ets actifs construction sans salarié fin 2020;Caractéristiques des établissements;;
ETGU020;34938;17;float64;Ets actifs commerce et services marchands sans salarié fin 2020;Caractéristiques des établissements;;
ETGZ020;34938;17;float64;dont Ets actifs commerce sans salarié fin 2020;Caractéristiques des établissements;;
ETOQ020;34937;18;float64;Ets actifs services non marchands sans salarié fin 2020;Caractéristiques des établissements;;
ETTEF120;34938;17;float64;Ets actifs de 1 à 9 salariés fin 2020;Caractéristiques des établissements;;
ETAZ120;34937;18;float64;Ets actifs agriculture 1 à 9 salariés fin 2020;Caractéristiques des établissements;;
ETBE120;34937;18;float64;Ets actifs industrie 1 à 9 salariés fin 2020;Caractéristiques des établissements;;
ETFZ120;34938;17;float64;Ets actifs construction 1 à 9 sal fin 2020;Caractéristiques des établissements;;
ETGU120;34938;17;float64;Ets actifs commerce et services marchands 1 à 9 salariés fin 2020;Caractéristiques des établissements;;
ETGZ120;34938;17;float64;dont Ets actifs commerce 1 à 9 salariés fin 2020;Caractéristiques des établissements;;
ETOQ120;34938;17;float64;Ets actifs services non marchands 1 à 9 salariés fin 2020;Caractéristiques des établissements;;
ETTEF1020;34938;17;float64;Ets actifs de 10 à 19 salariés fin 2020;Caractéristiques des établissements;;
ETAZ1020;34937;18;float64;Ets actifs agriculture 10 à 19 sal fin 2020;Caractéristiques des établissements;;
ETBE1020;34937;18;float64;Ets actifs industrie 10 à 19 sal fin 2020;Caractéristiques des établissements;;
ETFZ1020;34938;17;float64;Ets actifs construction 10 à 19 sal fin 2020;Caractéristiques des établissements;;
ETGU1020;34938;17;float64;Ets actifs commerce et services marchands 10 à 19 salariés fin 2020;Caractéristiques des établissements;;
ETGZ1020;34938;17;float64;dont Ets actifs commerce 10 à 19 salariés fin 2020;Caractéristiques des établissements;;
ETOQ1020;34938;17;float64;Ets actifs services non marchands 10 à 19 salariés fin 2020;Caractéristiques des établissements;;
ETTEF2020;34938;17;float64;Ets actifs de 20 à 49 salariés fin 2020;Caractéristiques des établissements;;
ETAZ2020;34937;18;float64;Ets actifs agriculture 20 à 49 sal fin 2020;Caractéristiques des établissements;;
ETBE2020;34937;18;float64;Ets actifs industrie 20 à 49 sal fin 2020;Caractéristiques des établissements;;
ETFZ2020;34938;17;float64;Ets actifs construction 20 à 49 sal fin 2020;Caractéristiques des établissements;;
ETGU2020;34937;18;float64;Ets actifs commerce et services marchands 20 à 49 salariés fin 2020;Caractéristiques des établissements;;
ETGZ2020;34937;18;float64;dont Ets actifs commerce 20 à 49 salariés fin 2020;Caractéristiques des établissements;;
ETOQ2020;34938;17;float64;Ets actifs services non marchands 20 à 49 salariés fin 2020;Caractéristiques des établissements;;
ETTEF5020;34937;18;float64;Ets actifs de 50 salariés ou plus fin 2020;Caractéristiques des établissements;;
ETAZ5020;34937;18;float64;Ets actifs agriculture 50 sal ou plus fin 2020;Caractéristiques des établissements;;
ETBE5020;34937;18;float64;Ets actifs industrie 50 sal ou plus fin 2020;Caractéristiques des établissements;;
ETFZ5020;34937;18;float64;Ets actifs construction 50 sal ou + fin 2020;Caractéristiques des établissements;;
ETGU5020;34937;18;float64;Ets actifs commerce et services marchands 50 sal ou plus fin 2020;Caractéristiques des établissements;;
ETGZ5020;34937;18;float64;dont Ets actifs commerce 50 sal ou plus fin 2020;Caractéristiques des établissements;;
ETOQ5020;34937;18;float64;Ets actifs services non marchands 50 sal ou plus fin 2020;Caractéristiques des établissements;;
ETPTOT20;34938;17;float64;Postes des Ets actifs fin 2020;Caractéristiques des établissements;;
ETPAZ20;34937;18;float64;Postes des Ets actifs agriculture fin 2020;Caractéristiques des établissements;;
ETPBE20;34937;18;float64;Postes des Ets actifs de l'industrie fin 2020;Caractéristiques des établissements;;
ETPFZ20;34938;17;float64;Postes des Ets actifs de la construction fin 2020;Caractéristiques des établissements;;
ETPGU20;34938;17;float64;Postes des Ets actifs du commerce et services marchands fin 2020;Caractéristiques des établissements;;
ETPGZ20;34938;17;float64;dont Postes des Ets actifs du commerce   fin 2020;Caractéristiques des établissements;;
ETPOQ20;34938;17;float64;Postes des Ets actifs services non marchands fin 2020;Caractéristiques des établissements;;
ETPTEF120;34938;17;float64;Postes des Ets actifs de 1 à 9 salariés fin 2020;Caractéristiques des établissements;;
ETPAZ120;34937;18;float64;Postes des Ets actifs agriculture 1 à 9 salariés fin 2020;Caractéristiques des établissements;;
ETPBE120;34937;18;float64;Postes des Ets actifs industrie 1 à 9 salariés fin 2020;Caractéristiques des établissements;;
ETPFZ120;34938;17;float64;Postes des Ets actifs construction 1 à 9 sal fin 2020;Caractéristiques des établissements;;
ETPGU120;34938;17;float64;Postes des Ets actifs commerce et services marchands 1 à 9 sal fin 2020;Caractéristiques des établissements;;
ETPGZ120;34938;17;float64;dont Postes des Ets actifs commerce 1 à 9 salariés fin 2020;Caractéristiques des établissements;;
ETPOQ120;34938;17;float64;Postes des Ets actifs services non marchands 1 à 9 salariés fin 2020;Caractéristiques des établissements;;
ETPTEF1020;34938;17;float64;Postes des Ets actifs de 10 à 19 salariés fin 2020;Caractéristiques des établissements;;
ETPAZ1020;34937;18;float64;Postes des Ets actifs agriculture 10 à 19 salariés fin 2020;Caractéristiques des établissements;;
ETPBE1020;34937;18;float64;Postes des Ets actifs industrie 10 à 19 sal fin 2020;Caractéristiques des établissements;;
ETPFZ1020;34938;17;float64;Postes des Ets actifs construction 10 à 19 sal fin 2020;Caractéristiques des établissements;;
ETPGU1020;34938;17;float64;Postes des Ets actifs commerce et services marchands 10 à 19 salariés fin 2020;Caractéristiques des établissements;;
ETPGZ1020;34938;17;float64;dont Postes des Ets actifs commerce 10 à 19 salariés fin 2020;Caractéristiques des établissements;;
ETPOQ1020;34938;17;float64;Postes des Ets actifs services non marchands 10 à 19 sal fin 2020;Caractéristiques des établissements;;
ETPTEF2020;34938;17;float64;Postes des Ets actifs de 20 à 49 salariés fin 2020;Caractéristiques des établissements;;
ETPAZ2020;34937;18;float64;Postes des Ets actifs agriculture 20 à 49 salariés fin 2020;Caractéristiques des établissements;;
ETPBE2020;34937;18;float64;Postes des Ets actifs industrie 20 à 49 sal fin 2020;Caractéristiques des établissements;;
ETPFZ2020;34938;17;float64;Postes des Ets actifs construction 20 à 49 sal fin 2020;Caractéristiques des établissements;;
ETPGU2020;34937;18;float64;Postes des Ets actifs commerce et services marchands 20 à 49 salariés fin 2020;Caractéristiques des établissements;;
ETPGZ2020;34937;18;float64;dont Postes des Ets actifs commerce 20 à 49 salariés fin 2020;Caractéristiques des établissements;;
ETPOQ2020;34938;17;float64;Postes des Ets actifs services non marchands 20 à 49 sal fin 2020;Caractéristiques des établissements;;
ETPTEF5020;34937;18;float64;Postes des Ets actifs de 50 à 99 salariés fin 2020;Caractéristiques des établissements;;
ETPAZ5020;34937;18;float64;Postes des Ets actifs agriculture 50 à 99 salariés fin 2020;Caractéristiques des établissements;;
ETPBE5020;34937;18;float64;Postes des Ets actifs industrie 50 à 99 sal fin 2020;Caractéristiques des établissements;;
ETPFZ5020;34937;18;float64;Postes des Ets actifs construction 50 à 99 sal fin 2020;Caractéristiques des établissements;;
ETPGU5020;34937;18;float64;Postes des Ets actifs commerce et services marchands 50 à 99 sal fin 2020;Caractéristiques des établissements;;
ETPGZ5020;34937;18;float64;dont Postes des Ets actifs commerce 50 à 99 sal fin 2020;Caractéristiques des établissements;;
ETPOQ5020;34937;18;float64;Postes des Ets actifs services non marchands 50 à 99 sal fin 2020;Caractéristiques des établissements;;
ETPTEFCP20;34937;18;float64;Postes des Ets actifs de 100 salariés ou plus fin 2020;Caractéristiques des établissements;;
ETPAZCP20;34937;18;float64;Postes des Ets actifs agriculture 100 sal ou + fin 2020;Caractéristiques des établissements;;
ETPBECP20;34937;18;float64;Postes des Ets actifs industrie 100 sal ou + fin 2020;Caractéristiques des établissements;;
ETPFZCP20;34937;18;float64;Postes des Ets actifs construction 100 sal ou + fin 2020;Caractéristiques des établissements;;
ETPGUCP20;34937;18;float64;Postes des Ets actifs commerce et services marchands 100 sal ou + fin 2020;Caractéristiques des établissements;;
ETPGZCP20;34937;18;float64;dont Postes des Ets actifs commerce 100 sal ou + fin 2020;Caractéristiques des établissements;;
ETPOQCP20;34937;18;float64;Postes des Ets actifs services non marchands 100 sal ou + fin 2020;Caractéristiques des établissements;;
ETPRES20;34938;17;float64;Ets actifs sphère présentielle fin 2020;Caractéristiques des établissements;;
ETNPRES20;34938;17;float64;Ets actifs sphère productive fin 2020;Caractéristiques des établissements;;
ETPRESPUB20;34938;17;float64;Ets actifs sphère présentielle public fin 2020;Caractéristiques des établissements;;
ETNPRESPUB20;34937;18;float64;Ets actifs sphère productive public fin 2020;Caractéristiques des établissements;;
ETPPRES20;34938;17;float64;Postes Ets actifs sphère présentielle fin 2020;Caractéristiques des établissements;;
ETPNPRES20;34938;17;float64;Postes Ets actifs sphère productive fin 2020;Caractéristiques des établissements;;
ETPPRESPUB20;34938;17;float64;Postes Ets actifs sphère présentielle public fin 2020;Caractéristiques des établissements;;
ETPNPRESPUB20;34937;18;float64;Postes Ets actifs sphère productive public fin 2020;Caractéristiques des établissements;;
ETASSMAT20;34938;17;float64;Particuliers employeurs assistants mat fin 2020;Caractéristiques des établissements;;
ETAUTRES20;34938;17;float64;Particuliers employeurs autres fin 2020;Caractéristiques des établissements;;
ENNTOT21;34955;0;int64;Unités légales au 31 décembre 2020;Démographie des entreprises;;
ENNBE21;34955;0;int64;Unités légales de l'industrie au 31 décembre 2020;Démographie des entreprises;;
ENNFZ21;34955;0;int64;Unités légales de la construction au 31 décembre 2020;Démographie des entreprises;;
ENNGI21;34955;0;int64;Unités légales de commerce, transp, restau, héberg. au 31 décembre 2020;Démographie des entreprises;;
ENNJZ21;34955;0;int64;Unités légales d’information et communication au 31 décembre 2020;Démographie des entreprises;;
ENNKZ21;34955;0;int64;Unités légales d’activités financières et d'assurance au 31 décembre 2020;Démographie des entreprises;;
ENNLZ21;34955;0;int64;Unités légales d’activités immobilières au 31 décembre 2020;Démographie des entreprises;;
ENNMN21;34955;0;int64;Unités légales d’activités spécialisées, scient et techn, et activités de serv adm et de soutien au 31 décembre 2020;Démographie des entreprises;;
ENNOQ21;34955;0;int64;Unités légales du secteur adm publ, enseign, santé et action sociale au 31 décembre 2020;Démographie des entreprises;;
ENNRU21;34955;0;int64;Unités légales des autres activités de services au 31 décembre 2020;Démographie des entreprises;;
ENCTOT21;34955;0;int64;Créations d'entr. En 2021;Démographie des entreprises;;
ENCBE21;34955;0;int64;Créations d'entr. de l'industrie en 2021;Démographie des entreprises;;
ENCFZ21;34955;0;int64;Créations d'entr. de la construction en 2021;Démographie des entreprises;;
ENCGI21;34955;0;int64;Créations d'entr. de comm, transp, restau héberg. en 2021;Démographie des entreprises;;
ENCJZ21;34955;0;int64;Créations d'entr. d’information et communication en 2021;Démographie des entreprises;;
ENCKZ21;34955;0;int64;Créations d'entr. d’activités financières et d'assurance en 2021;Démographie des entreprises;;
ENCLZ21;34955;0;int64;Créations d'entr. d’activités immobilières en 2021;Démographie des entreprises;;
ENCMN21;34955;0;int64;Créations d'entr. d’activités spécialisées, scient et techn, et activités de serv adm et de soutien en 2021;Démographie des entreprises;;
ENCOQ21;34955;0;int64;Créations d'entr. du secteur adm publ, enseign, santé et action sociale en 2021;Démographie des entreprises;;
ENCRU21;34955;0;int64;Créations d'entr. des autres activités de services en 2021;Démographie des entreprises;;
ENCTOT20;34955;0;int64;Créations d'entr. En 2020;Démographie des entreprises;;
ENCTOT19;34954;1;float64;Créations d'entr. en 2019;Démographie des entreprises;;
ENCITOT21;34955;0;int64;Créations d'entr. ind. en 2021;Démographie des entreprises;;
ENCIBE21;34955;0;int64;Créat. d'entr. ind. de l'industrie en 2021;Démographie des entreprises;;
ENCIFZ21;34955;0;int64;Créat. d'entr. ind. de la construction en 2021;Démographie des entreprises;;
ENCIGI21;34955;0;int64;Créat. d'entr. ind. de comm, transp, restau héberg. en 2021;Démographie des entreprises;;
ENCIJZ21;34955;0;int64;Créat. d'entr. ind. d’information et communication en 2021;Démographie des entreprises;;
ENCIKZ21;34955;0;int64;Créat. d'entr. ind. d’activités financières et d'assurance en 2021;Démographie des entreprises;;
ENCILZ21;34955;0;int64;Créat. d'entr. ind. d’activités immobilières en 2021;Démographie des entreprises;;
ENCIMN21;34955;0;int64;Créat. d'entr. ind. d’activités spécialisées, scient et techn, et activités de serv adm et de soutien en 2021;Démographie des entreprises;;
ENCIOQ21;34955;0;int64;Créat. d'entr. ind. du secteur adm publ, enseign, santé et action sociale en 2021;Démographie des entreprises;;
ENCIRU21;34955;0;int64;Créat. d'entr. ind. des autres activités de services en 2021;Démographie des entreprises;;
ENCITOT20;34955;0;int64;Créations d'entr. ind. En 2020;Démographie des entreprises;;
ENCITOT19;34954;1;float64;Créations d'entr. ind. en 2019;Démographie des entreprises;;
ETNTOT21;34955;0;int64;Établissements au 31 décembre 2020;Démographie des entreprises;;
ETNBE21;34955;0;int64;Ets de l'industrie au 31 décembre 2020;Démographie des entreprises;;
ETNFZ21;34955;0;int64;Ets de la construction au 31 décembre 2020;Démographie des entreprises;;
ETNGI21;34955;0;int64;Ets de comm, transp, restau héberg. au 31 décembre 2020;Démographie des entreprises;;
ETNJZ21;34955;0;int64;Ets d’information et communication au 31 décembre 2020;Démographie des entreprises;;
ETNKZ21;34955;0;int64;Ets d’activités financières et d'assurance au 31 décembre 2020;Démographie des entreprises;;
ETNLZ21;34955;0;int64;Ets d’activités immobilières au 31 décembre 2020;Démographie des entreprises;;
ETNMN21;34955;0;int64;Ets d’activités spécialisées, scient et techn, et activités de serv adm et de soutien au 31 décembre 2020;Démographie des entreprises;;
ETNOQ21;34955;0;int64;Ets du secteur adm publ, enseign, santé et action sociale au 31 décembre 2020;Démographie des entreprises;;
ETNRU21;34955;0;int64;Ets des autres activités de services au 31 décembre 2020;Démographie des entreprises;;
ETCTOT21;34955;0;int64;Créations d'ets en 2021;Démographie des entreprises;;
ETCBE21;34955;0;int64;Créations d'ets de l'industrie en 2021;Démographie des entreprises;;
ETCFZ21;34955;0;int64;Créations d'ets de la construction en 2021;Démographie des entreprises;;
ETCGI21;34955;0;int64;Créations d'ets de comm, transp, restau héberg. en 2021;Démographie des entreprises;;
ETCJZ21;34955;0;int64;Créations d'ets d’information et communication en 2021;Démographie des entreprises;;
ETCKZ21;34955;0;int64;Créations d'ets d’activités financières et d'assurance en 2021;Démographie des entreprises;;
ETCLZ21;34955;0;int64;Créations d'ets d’activités immobilières en 2021;Démographie des entreprises;;
ETCMN21;34955;0;int64;Créations d'ets d’activités spécialisées, scient et techn, et activités de serv adm et de soutien en 2021;Démographie des entreprises;;
ETCOQ21;34955;0;int64;Créations d'ets du secteur adm publ, enseign, santé et action sociale en 2021;Démographie des entreprises;;
ETCRU21;34955;0;int64;Créations d'ets des autres activités de services en 2021;Démographie des entreprises;;
ETCTOT20;34955;0;int64;Créations d'ets en 2020;Démographie des entreprises;;
ETCBE20;34955;0;int64;Créations d'ets de l'industrie en 2020;Démographie des entreprises;;
ETCFZ20;34955;0;int64;Créations d'ets de la construction en 2020;Démographie des entreprises;;
ETCGI20;34955;0;int64;Créations d'ets de comm, transp, restau héberg. en 2020;Démographie des entreprises;;
ETCJZ20;34955;0;int64;Créations d'ets d’information et communication en 2020;Démographie des entreprises;;
ETCKZ20;34955;0;int64;Créations d'ets d’activités financières et d'assurance en 2020;Démographie des entreprises;;
ETCLZ20;34955;0;int64;Créations d'ets d’activités immobilières en 2020;Démographie des entreprises;;
ETCMN20;34955;0;int64;Créations d'ets d’activités spécialisées, scient et techn, et activités de serv adm et de soutien en 2020;Démographie des entreprises;;
ETCOQ20;34955;0;int64;Créations d'ets du secteur adm publ, enseign, santé et action sociale en 2020;Démographie des entreprises;;
ETCRU20;34955;0;int64;Créations d'ets des autres activités de services en 2020;Démographie des entreprises;;
ETCTOT19;34954;1;float64;Créations d'ets en 2019;Démographie des entreprises;;
ETCBE19;34954;1;float64;Créations d'ets de l'industrie en 2019;Démographie des entreprises;;
ETCFZ19;34954;1;float64;Créations d'ets de la construction en 2019;Démographie des entreprises;;
ETCGI19;34954;1;float64;Créations d'ets de comm, transp, restau héberg. en 2019;Démographie des entreprises;;
ETCJZ19;34954;1;float64;Créations d'ets d’information et communication en 2019;Démographie des entreprises;;
ETCKZ19;34954;1;float64;Créations d'ets d’activités financières et d'assurance en 2019;Démographie des entreprises;;
ETCLZ19;34954;1;float64;Créations d'ets d’activités immobilières en 2019;Démographie des entreprises;;
ETCMN19;34954;1;float64;Créations d'ets d’activités spécialisées, scient et techn, et activités de serv adm et de soutien en 2019;Démographie des entreprises;;
ETCOQ19;34954;1;float64;Créations d'ets du secteur adm publ, enseign, santé et action sociale en 2019;Démographie des entreprises;;
ETCRU19;34954;1;float64;Créations d'ets des autres activités de services en 2019;Démographie des entreprises;;
